"","Phylo","Family","Order","Scientific_name","Beak.Length_Culmen","Beak.Length_Nares","Beak.Width","Beak.Depth","Tarsus.Length","Wing.Length","Kipps.Distance","Secondary1","Hand.Wing.Index","Tail.Length","Mass","Habitat","Habitat.Density","Migration","Trophic.Level","Trophic.Niche","Primary.Lifestyle","Min.Latitude","Max.Latitude","Centroid.Latitude","Centroid.Longitude","Range.Size","Species.Status"
"1","Agapornis_canus","Psittacidae","Psittaciformes","Agapornis_canus",13.6,11.2,7.4,12.1,13,92,41.6,50.4,45.2,49,30,"Forest",2,1,"Herbivore","Omnivore","Insessorial",-25.61,-11.95,-19.56,46.7,412852.04,"Extant"
"2","Agapornis_fischeri","Psittacidae","Psittaciformes","Agapornis_fischeri",18.8,16.6,11,16.7,14.4,93,37.4,55.4,40.4,42.6,48.3,"Woodland",3,1,"Herbivore","Granivore","Insessorial",-4.9,-1.14,-3.02,34.28,133888.77,"Extant"
"3","Agapornis_lilianae","Psittacidae","Psittaciformes","Agapornis_lilianae",16,14.3,9.1,14.2,13.7,89.4,32.9,55.8,37,41.7,37.3,"Woodland",2,1,"Herbivore","Granivore","Generalist",-17.34,-8.37,-11.77,32.72,211312.18,"Extant"
"4","Agapornis_nigrigenis","Psittacidae","Psittaciformes","Agapornis_nigrigenis",16,13.9,9.7,14.7,13,92.8,39.4,53.4,42.5,39.8,40.5,"Woodland",2,1,"Herbivore","Granivore","Generalist",-17.78,-16.02,-16.86,25.5,14343.6,"Extant"
"5","Agapornis_personatus","Psittacidae","Psittaciformes","Agapornis_personatus",19.1,17.3,10.6,16.6,14.7,95.2,40.2,57.2,41.3,43.6,52.4,"Shrubland",2,1,"Herbivore","Granivore","Terrestrial",-8.63,-2.69,-5.94,35.62,203564,"Extant"
"6","Agapornis_pullarius","Psittacidae","Psittaciformes","Agapornis_pullarius",16.7,14.1,9.1,12.9,11.7,90.4,35.6,54.8,39.4,41.1,39.3,"Woodland",3,1,"Herbivore","Granivore","Terrestrial",-9.73,12.71,4.59,17.37,2650780.74,"Extant"
"7","Agapornis_roseicollis","Psittacidae","Psittaciformes","Agapornis_roseicollis",19.4,17.2,10.6,17.7,13.4,100.8,41.1,59.9,40.7,45.8,53.8,"Shrubland",2,1,"Herbivore","Granivore","Terrestrial",-29.62,-10.74,-20.62,16.11,455619.05,"Extant"
"8","Agapornis_swindernianus","Psittacidae","Psittaciformes","Agapornis_swindernianus",15.6,13.4,8.5,12.2,11.2,92.6,38.5,54.8,41.3,35.2,40,"Forest",1,1,"Herbivore","Omnivore","Generalist",-4.44,7.84,1.27,19.53,1494870.12,"Extant"
"9","Agapornis_taranta","Psittacidae","Psittaciformes","Agapornis_taranta",18.9,16.2,11.6,18.2,13.9,100.4,38.7,61.8,38.6,50.2,57.5,"Forest",2,1,"Herbivore","Granivore","Generalist",5.29,17.09,9.91,38.31,407732.6,"Extant"
"10","Alipiopsitta_xanthops","Psittacidae","Psittaciformes","Alipiopsitta_xanthops",33.5,26.7,16.9,25.4,19.9,193.2,51.2,142,26.7,81.6,159,"Forest",2,1,"Herbivore","Omnivore","Insessorial",-21.94,-6.25,-14.14,-49.2,1892815.21,"Extant"
"11","Alisterus_amboinensis","Psittacidae","Psittaciformes","Alisterus_amboinensis",28.6,21.8,14.1,22,22.4,204.8,81.2,123.5,39.7,227.5,153,"Forest",1,1,"Herbivore","Omnivore","Insessorial",-4.43,2.23,-1.9,131.24,148979.73,"Extant"
"12","Alisterus_chloropterus","Psittacidae","Psittaciformes","Alisterus_chloropterus",26.5,20.2,13.3,20.6,20.6,183.8,74.7,109.8,40.5,206.4,156,"Forest",1,1,"Herbivore","Omnivore","Insessorial",-10.73,-1.47,-5.43,142.23,323894.91,"Extant"
"13","Alisterus_scapularis","Psittacidae","Psittaciformes","Alisterus_scapularis",26,20.3,13.5,20.2,21.2,210.2,99.5,113.2,46.8,204.4,232.3,"Forest",1,1,"Herbivore","Omnivore","Insessorial",-39.48,-15,-29.51,149.3,811455.94,"Extant"
"14","Amazona_aestiva","Psittacidae","Psittaciformes","Amazona_aestiva",37.2,29,16.9,30,18.4,204.2,54,149.8,26.5,111.4,451,"Shrubland",2,1,"Herbivore","Frugivore","Insessorial",-32.55,-2.56,-17.01,-52.1,5857429.4,"Extant"
"15","Amazona_agilis","Psittacidae","Psittaciformes","Amazona_agilis",29.2,23.2,14.6,23.3,19.5,160,52,108,32.5,78,213,"Forest",1,1,"Herbivore","Omnivore","Insessorial",17.92,18.4,18.24,-77.54,2594.35,"Extant"
"16","Amazona_albifrons","Psittacidae","Psittaciformes","Amazona_albifrons",30.2,25.9,14.8,25.2,18,169.4,59.5,117,33.7,80.6,206,"Woodland",2,1,"Herbivore","Omnivore","Insessorial",9.55,27.8,17.92,-92.69,544425.16,"Extant"
"17","Amazona_amazonica","Psittacidae","Psittaciformes","Amazona_amazonica",37.1,29.6,18.4,29.1,21.4,202.2,56.9,144.8,28.2,99.2,370,"Forest",2,1,"Herbivore","Frugivore","Insessorial",-23.18,11.34,-5.01,-58.9,7377327.39,"Extant"
"18","Amazona_arausiaca","Psittacidae","Psittaciformes","Amazona_arausiaca",38,30.2,17.5,33.9,25.7,241.4,75.9,166.3,31.3,145.2,500,"Forest",1,1,"Herbivore","Frugivore","Insessorial",15.35,15.54,15.46,-61.38,73.86,"Extant"
"19","Amazona_auropalliata","Psittacidae","Psittaciformes","Amazona_auropalliata",42.6,34.8,19.4,36.7,25.1,205.6,63.6,136.9,31.8,126.7,476.9,"Woodland",2,1,"Herbivore","Omnivore","Insessorial",9.55,16.73,13.61,-87.61,128946.92,"Extant"
"20","Amazona_autumnalis","Psittacidae","Psittaciformes","Amazona_autumnalis",37.9,29.9,16.8,29.6,22.8,209.6,57.8,148.2,28.1,115.9,416,"Forest",2,1,"Herbivore","Frugivore","Insessorial",-3.82,23.83,11.45,-83.27,1002214.41,"Extant"
"21","Amazona_barbadensis","Psittacidae","Psittaciformes","Amazona_barbadensis",38.3,29.9,16.3,29.1,17.6,216.1,73.4,142.7,34,133.6,270,"Shrubland",2,1,"Herbivore","Omnivore","Insessorial",9.96,12.39,11.17,-67.94,4372.04,"Extant"
"22","Amazona_brasiliensis","Psittacidae","Psittaciformes","Amazona_brasiliensis",33.5,28.4,17.7,28.5,22.6,212.3,50.3,150.2,25,118.2,430,"Forest",1,1,"Herbivore","Omnivore","Insessorial",-25.96,-24.12,-25.12,-48.04,4747.02,"Extant"
"23","Amazona_collaria","Psittacidae","Psittaciformes","Amazona_collaria",33.1,26.7,16.3,27.2,20.1,178.2,61.1,117.2,34.2,100.2,187,"Forest",2,1,"Herbivore","Omnivore","Insessorial",17.93,18.42,18.18,-77.29,5429.01,"Extant"
"24","Amazona_dufresniana","Psittacidae","Psittaciformes","Amazona_dufresniana",40,32.4,18.7,32.2,24.2,203.5,62,141.6,30.4,103.8,623,"Forest",1,1,"Herbivore","Omnivore","Insessorial",2,7.48,4.82,-57,369976.5,"Extant"
"25","Amazona_farinosa","Psittacidae","Psittaciformes","Amazona_farinosa",43.3,35.7,20.4,36.2,26.9,241.9,69.3,173.1,28.6,134,626,"Forest",1,1,"Herbivore","Omnivore","Insessorial",-25.28,19.35,-2.59,-64.73,7159608.21,"Extant"
"26","Amazona_festiva","Psittacidae","Psittaciformes","Amazona_festiva",37.3,30,16.5,29.3,24,202.6,61,143,29.8,104.3,430,"Forest",1,1,"Herbivore","Frugivore","Insessorial",-8.83,9.58,-1.03,-62.74,814389,"Extant"
"27","Amazona_finschi","Psittacidae","Psittaciformes","Amazona_finschi",35.4,28.7,18,31.9,21.2,192.4,69.8,121.7,36.5,109,302,"Woodland",2,1,"Herbivore","Omnivore","Insessorial",16.36,28.45,22.34,-104.94,111128.49,"Extant"
"28","Amazona_guildingii","Psittacidae","Psittaciformes","Amazona_guildingii",41.1,33.5,22.2,34.2,27.7,262.5,82.5,180,31.4,153.2,646,"Forest",1,1,"Herbivore","Omnivore","Insessorial",13.21,13.3,13.25,-61.2,43.1,"Extant"
"29","Amazona_imperialis","Psittacidae","Psittaciformes","Amazona_imperialis",44.8,37.8,20.8,34.4,31.4,282,79.1,202.9,28.1,167,529.5,"Forest",1,1,"Herbivore","Omnivore","Insessorial",15.28,15.54,15.47,-61.38,61.28,"Extant"
"30","Amazona_kawalli","Psittacidae","Psittaciformes","Amazona_kawalli",40.2,34.8,19.8,34,25.2,233.3,29.7,201.6,12.8,116.1,626,"Forest",1,1,"Herbivore","Frugivore","Insessorial",-10.1,-1.62,-6.04,-61.12,812429.39,"Extant"
"31","Amazona_leucocephala","Psittacidae","Psittaciformes","Amazona_leucocephala",30.2,24.6,15.6,27.3,20.9,198.8,67,131.7,33.8,113.2,235.3,"Forest",2,1,"Herbivore","Omnivore","Insessorial",19.26,27.05,21.67,-78.72,31233.13,"Extant"
"32","Amazona_mercenaria","Psittacidae","Psittaciformes","Amazona_mercenaria",32.6,27,15.3,26.1,20.8,214,69.3,144.8,32.4,100.8,340,"Forest",1,1,"Herbivore","Frugivore","Insessorial",-17.95,11.04,-3.41,-74.07,432626.42,"Extant"
"33","Amazona_ochrocephala","Psittacidae","Psittaciformes","Amazona_ochrocephala",38.3,32.6,19.7,32.9,22,212.9,60.8,154.8,28.3,116.5,476.9,"Forest",2,1,"Herbivore","Omnivore","Insessorial",-17.01,12.46,-1.78,-64.37,6626117.83,"Extant"
"34","Amazona_oratrix","Psittacidae","Psittaciformes","Amazona_oratrix",39.3,31.6,18.4,32.6,25.9,222.6,76.7,144.3,34.8,119.2,476.9,"Forest",2,1,"Herbivore","Omnivore","Insessorial",15.44,23.97,18.34,-93.37,48119.81,"Extant"
"35","Amazona_pretrei","Psittacidae","Psittaciformes","Amazona_pretrei",28.3,23.3,13.8,21.4,18.5,203.9,53.7,150.2,26.2,106.7,272.8,"Forest",2,1,"Herbivore","Omnivore","Insessorial",-30.96,-27.59,-28.85,-52.03,10426.1,"Extant"
"36","Amazona_rhodocorytha","Psittacidae","Psittaciformes","Amazona_rhodocorytha",37.6,29.4,18,31,22.3,210,62.6,146.7,29.9,115,474.3,"Forest",1,1,"Herbivore","Frugivore","Insessorial",-23.23,-16.39,-20.95,-42.36,2672.56,"Extant"
"37","Amazona_tucumana","Psittacidae","Psittaciformes","Amazona_tucumana",27.8,20.4,14.8,22,20.2,196.8,75.9,120.9,38.5,106.8,260,"Forest",2,1,"Herbivore","Omnivore","Insessorial",-27.2,-18.48,-23,-64.39,69208.16,"Extant"
"38","Amazona_ventralis","Psittacidae","Psittaciformes","Amazona_ventralis",30.9,24.8,14.8,26.4,19.3,183.6,68.1,115.9,37,97.8,214,"Forest",2,1,"Herbivore","Omnivore","Insessorial",17.54,19.79,18.66,-70.93,7113.45,"Extant"
"39","Amazona_versicolor","Psittacidae","Psittaciformes","Amazona_versicolor",38.8,30.7,18.6,32.4,26.3,256.6,79.8,174.5,31.4,167.2,676,"Forest",1,1,"Herbivore","Omnivore","Insessorial",13.79,13.99,13.88,-60.97,142.22,"Extant"
"40","Amazona_vinacea","Psittacidae","Psittaciformes","Amazona_vinacea",33.5,24.6,16.2,26.7,21.5,214.2,67.3,145,31.6,121.8,254,"Forest",1,1,"Herbivore","Omnivore","Insessorial",-29.87,-15.07,-24.88,-47.86,105992.85,"Extant"
"41","Amazona_viridigenalis","Psittacidae","Psittaciformes","Amazona_viridigenalis",33.5,26.6,16.4,27.5,20.1,199,70.9,124.6,36.4,99.6,316,"Forest",2,1,"Herbivore","Omnivore","Insessorial",21.21,25.68,22.34,-99.08,7846.5,"Extant"
"42","Amazona_vittata","Psittacidae","Psittaciformes","Amazona_vittata",33.7,27,15.9,27.6,21.7,182.2,60.9,121.3,33.4,96.8,279.3,"Forest",1,1,"Herbivore","Omnivore","Insessorial",18.23,18.37,18.29,-65.93,177.43,"Extant"
"43","Amazona_xantholora","Psittacidae","Psittaciformes","Amazona_xantholora",30.6,23.9,14.2,25,19.2,165.2,69.2,102.3,40.3,71,217,"Woodland",2,1,"Herbivore","Frugivore","Insessorial",17.28,21.62,19.72,-89,131400.34,"Extant"
"44","Anodorhynchus_hyacinthinus","Psittacidae","Psittaciformes","Anodorhynchus_hyacinthinus",97.7,83.9,42.5,85.1,40.1,444,132.2,299.5,30.9,444.5,1331,"Forest",2,1,"Herbivore","Frugivore","Insessorial",-22.68,-1.18,-12.28,-52.74,536784.2,"Extant"
"45","Anodorhynchus_leari","Psittacidae","Psittaciformes","Anodorhynchus_leari",67.5,60.4,33.3,62,34.3,378.1,118.7,268.5,30.7,408.2,940,"Shrubland",2,1,"Herbivore","Frugivore","Insessorial",-10.58,-9.35,-10.08,-39.3,7546.2,"Extant"
"46","Aprosmictus_erythropterus","Psittacidae","Psittaciformes","Aprosmictus_erythropterus",23.6,17,12,17.1,20,190.2,87.2,104.5,45.5,140,136,"Forest",2,1,"Herbivore","Omnivore","Insessorial",-32.8,-7.17,-21.4,141.37,2743055.21,"Extant"
"47","Aprosmictus_jonquillaceus","Psittacidae","Psittaciformes","Aprosmictus_jonquillaceus",24.5,18.8,12.5,18.2,19.4,176.5,68,108.5,38.5,160.5,119,"Woodland",2,1,"Herbivore","Omnivore","Insessorial",-10.94,-7.56,-9.16,125.13,28185.23,"Extant"
"48","Ara_ambiguus","Psittacidae","Psittaciformes","Ara_ambiguus",75,71.3,32.3,74,37,400,157.6,243.9,39.2,445.2,1300,"Forest",1,1,"Herbivore","Granivore","Insessorial",-2.23,15.83,8.44,-79.83,108291.56,"Extant"
"49","Ara_ararauna","Psittacidae","Psittaciformes","Ara_ararauna",66,61.9,30.2,55.1,31.9,381.3,115.4,264.6,30.1,492.5,1125,"Forest",1,1,"Herbivore","Omnivore","Insessorial",-23.47,11.32,-6.59,-60.82,7780066.73,"Extant"
"50","Ara_chloropterus","Psittacidae","Psittaciformes","Ara_chloropterus",76.7,74.6,35.2,75.1,34.3,402.1,167.4,235.9,41.5,486.4,1214,"Forest",1,1,"Herbivore","Omnivore","Insessorial",-24.41,11.52,-5.12,-61.95,8101232.43,"Extant"
"51","Ara_glaucogularis","Psittacidae","Psittaciformes","Ara_glaucogularis",59.6,51.7,24.6,51.1,30.1,343.4,114.7,231.1,33.1,477,784,"Forest",2,1,"Herbivore","Frugivore","Insessorial",-15.6,-13.44,-14.28,-65.21,27792.35,"Extant"
"52","Ara_macao","Psittacidae","Psittaciformes","Ara_macao",67.2,64.1,31.8,63.5,31.6,393.7,127.5,263.7,32.7,554.5,1015,"Forest",2,1,"Herbivore","Omnivore","Insessorial",-18.13,17.43,-2.86,-63.9,6755480.57,"Extant"
"53","Ara_militaris","Psittacidae","Psittaciformes","Ara_militaris",56.6,49.3,27.2,57.2,28.8,366.7,151.2,216.8,41.1,366.1,1134,"Forest",2,1,"Herbivore","Frugivore","Insessorial",-23.73,29.54,-3.31,-74.31,281783.13,"Extant"
"54","Ara_rubrogenys","Psittacidae","Psittaciformes","Ara_rubrogenys",50.5,46.5,24.7,50.1,27.1,299.6,112.8,186.9,37.9,321.4,468,"Shrubland",2,1,"Herbivore","Granivore","Insessorial",-19.57,-17.79,-18.35,-64.86,7426.04,"Extant"
"55","Ara_severus","Psittacidae","Psittaciformes","Ara_severus",39.7,36.1,20.5,36.9,20.7,239.4,86.3,153.3,35.9,242.6,343,"Forest",1,1,"Herbivore","Omnivore","Insessorial",-17.01,10.99,-4.21,-64.83,5824492.61,"Extant"
"56","Aratinga_acuticaudata","Psittacidae","Psittaciformes","Aratinga_acuticaudata",31.9,27.4,17.5,33.6,15.5,187,85,102.2,45.4,176.4,171,"Shrubland",2,1,"Herbivore","Frugivore","Insessorial",-39.19,12.46,-17.6,-59.05,3345328.67,"Extant"
"57","Aratinga_aurea","Psittacidae","Psittaciformes","Aratinga_aurea",23.8,18.3,11.4,19.9,14.3,141.4,64.7,74.8,46.4,123,84.6,"Grassland",2,1,"Herbivore","Omnivore","Insessorial",-27.31,2.78,-12.63,-50.06,5764751.61,"Extant"
"58","Aratinga_auricapillus","Psittacidae","Psittaciformes","Aratinga_auricapillus",29,23.9,13.3,23.3,15.9,154.2,73.8,80,48,135.4,130,"Forest",2,1,"Herbivore","Omnivore","Insessorial",-22.75,-10.76,-17.83,-43.47,65241.77,"Extant"
"59","Aratinga_brevipes","Psittacidae","Psittaciformes","Aratinga_brevipes",28.6,26.2,17.1,32.3,17.6,166.7,69.7,103.3,40.3,155.6,177,"Forest",1,1,"Herbivore","Omnivore","Insessorial",18.75,18.81,18.78,-110.99,19.94,"Extant"
"60","Aratinga_cactorum","Psittacidae","Psittaciformes","Aratinga_cactorum",23.2,18.6,12.2,20.6,12.5,135.8,57.5,78.2,42.3,113,82.5,"Woodland",2,1,"Herbivore","Omnivore","Insessorial",-18.03,-2.47,-9.81,-42.06,1195222.88,"Extant"
"61","Aratinga_canicularis","Psittacidae","Psittaciformes","Aratinga_canicularis",20.8,17.6,11.9,21,12.6,132.7,59,73.2,44.6,104,85,"Woodland",2,1,"Herbivore","Frugivore","Insessorial",9.55,31.8,17.22,-96.73,269642.12,"Extant"
"62","Aratinga_chloroptera","Psittacidae","Psittaciformes","Aratinga_chloroptera",27.8,25.1,14.2,29.4,16.8,170.8,78.2,92.5,45.8,134.2,146,"Forest",2,1,"Herbivore","Frugivore","Insessorial",17.7,19.71,18.6,-71.47,13483.57,"Extant"
"63","Aratinga_erythrogenys","Psittacidae","Psittaciformes","Aratinga_erythrogenys",31,27.7,17.3,33,15.4,171.8,71.3,100.4,41.5,139,151,"Woodland",2,1,"Herbivore","Frugivore","Insessorial",-6.87,0.77,-2.95,-80,106452.34,"Extant"
"64","Aratinga_euops","Psittacidae","Psittaciformes","Aratinga_euops",21.4,19.2,12.3,23.1,14,132.5,60.8,71.8,45.9,121.5,87,"Woodland",2,1,"Herbivore","Omnivore","Insessorial",20.23,22.86,21.49,-78.49,18723.73,"Extant"
"65","Aratinga_finschi","Psittacidae","Psittaciformes","Aratinga_finschi",28.4,24.5,15.6,29.1,15.6,150.2,69.1,79.9,46.5,130.9,150,"Forest",2,1,"Herbivore","Omnivore","Insessorial",7.61,13.91,10.97,-84.04,92560.88,"Extant"
"66","Aratinga_holochlora","Psittacidae","Psittaciformes","Aratinga_holochlora",25.5,25.1,14.3,29.2,16.8,163.4,79.5,86.8,47.9,127,138,"Forest",2,1,"Herbivore","Omnivore","Insessorial",NA,NA,NA,NA,NA,"Extant"
"67","Aratinga_jandaya","Psittacidae","Psittaciformes","Aratinga_jandaya",28,23,12.7,24.6,14.9,156.2,65.7,90.6,42,138.7,89.4,"Forest",2,1,"Herbivore","Frugivore","Insessorial",-14.41,-0.7,-6.83,-44.26,1514385.78,"Extant"
"68","Aratinga_leucophthalma","Psittacidae","Psittaciformes","Aratinga_leucophthalma",25.7,26.7,16.5,29.7,15.4,172.3,71.3,101,41.5,145.6,158,"Forest",2,1,"Herbivore","Omnivore","Insessorial",-34.57,10.76,-12.19,-58.18,8731069.11,"Extant"
"69","Aratinga_mitrata","Psittacidae","Psittaciformes","Aratinga_mitrata",31.9,29.9,18,34.3,18.4,194.9,86.4,107.7,44.5,166.9,249,"Forest",1,1,"Herbivore","Granivore","Insessorial",-27.83,-5.84,-18.28,-67.37,251116.9,"Extant"
"70","Aratinga_nana","Psittacidae","Psittaciformes","Aratinga_nana",20.9,19.1,12,22.7,13.5,133.3,58,75.1,43.5,115.4,76.9,"Forest",1,1,"Herbivore","Frugivore","Insessorial",9.24,24.26,17.63,-89.98,539110.7,"Extant"
"71","Aratinga_pertinax","Psittacidae","Psittaciformes","Aratinga_pertinax",24.5,19.6,11.7,19.9,12.3,136.4,56.1,79.9,41.2,109,84,"Woodland",2,1,"Herbivore","Omnivore","Insessorial",-9.58,12.63,6.29,-66.15,1467382.65,"Extant"
"72","Aratinga_rubritorquis","Psittacidae","Psittaciformes","Aratinga_rubritorquis",27.8,23.4,15.5,28,15.2,147.6,70.6,74.8,48.7,118.4,212,"Forest",2,1,"Herbivore","Frugivore","Insessorial",12.39,15.53,14.3,-87.25,108828.41,"Extant"
"73","Aratinga_solstitialis","Psittacidae","Psittaciformes","Aratinga_solstitialis",25.8,22.8,13.1,22.6,14.2,154.4,63.1,91.3,40.8,136.2,119.6,"Forest",2,1,"Herbivore","Frugivore","Insessorial",-2.34,4.94,2.33,-59.36,116342.52,"Extant"
"74","Aratinga_wagleri","Psittacidae","Psittaciformes","Aratinga_wagleri",29.3,29.3,16.9,34.1,19.1,194.8,87.6,110.4,44.2,155.2,194,"Forest",1,1,"Herbivore","Frugivore","Insessorial",-18.23,11.27,-0.73,-75.08,329463.46,"Extant"
"75","Aratinga_weddellii","Psittacidae","Psittaciformes","Aratinga_weddellii",23.4,21.7,12.6,23.6,13.3,141.8,61.6,80.1,43.5,103.2,108,"Forest",1,1,"Herbivore","Frugivore","Insessorial",-17.31,1.84,-8.1,-68.84,2260164.39,"Extant"
"76","Barnardius_zonarius","Psittacidae","Psittaciformes","Barnardius_zonarius",22.8,18.7,14.3,26.3,21.7,169.2,69,98.2,41.2,204.4,133,"Forest",2,1,"Herbivore","Omnivore","Insessorial",-38.86,-15.93,-27.28,133.19,5305452.04,"Extant"
"77","Bolbopsittacus_lunulatus","Psittacidae","Psittaciformes","Bolbopsittacus_lunulatus",22.7,18.8,13.8,18.9,13.8,95.5,37.2,58.3,38.9,33.5,67.6,"Forest",1,1,"Herbivore","Frugivore","Insessorial",5.56,18.65,12.06,123.17,210517.7,"Extant"
"78","Bolborhynchus_ferrugineifrons","Psittacidae","Psittaciformes","Bolborhynchus_ferrugineifrons",17,13.7,9.2,9.9,15.1,121.1,48.3,72.9,39.9,74.4,64,"Grassland",2,1,"Herbivore","Omnivore","Insessorial",1.39,5.24,3.06,-76.09,3143.4,"Extant"
"79","Bolborhynchus_lineola","Psittacidae","Psittaciformes","Bolborhynchus_lineola",12.7,11.3,8,10.7,10.8,104.3,54.2,50.1,52,59.4,56.2,"Forest",1,2,"Herbivore","Omnivore","Insessorial",-17.87,20.13,5.54,-82.15,279157.1,"Extant"
"80","Bolborhynchus_orbygnesius","Psittacidae","Psittaciformes","Bolborhynchus_orbygnesius",13.5,12.2,8.9,13.4,12.6,106.6,44.9,61.6,42.2,66.9,43.1,"Shrubland",2,2,"Herbivore","Omnivore","Insessorial",-18.35,-6.42,-13.53,-71.62,191118.76,"Extant"
"81","Brotogeris_chiriri","Psittacidae","Psittaciformes","Brotogeris_chiriri",21.2,15.6,8.9,14.3,11.3,115,51,62.8,44.8,89,61.6,"Forest",2,1,"Herbivore","Omnivore","Insessorial",-28.42,-3.47,-15.83,-52.56,3803604.48,"Extant"
"82","Brotogeris_chrysoptera","Psittacidae","Psittaciformes","Brotogeris_chrysoptera",23,17.7,9.6,14.3,11.3,106.6,40.7,64.5,38.6,57.4,54.5,"Forest",1,1,"Herbivore","Frugivore","Insessorial",-10.68,10.77,-1.77,-56.37,3112139.06,"Extant"
"83","Brotogeris_cyanoptera","Psittacidae","Psittaciformes","Brotogeris_cyanoptera",20.3,18,9.8,14,11.3,114.4,41.3,73.7,35.9,58.4,56,"Forest",1,1,"Herbivore","Frugivore","Insessorial",-18.07,6.17,-4.7,-70.91,2567592.63,"Extant"
"84","Brotogeris_jugularis","Psittacidae","Psittaciformes","Brotogeris_jugularis",21.1,16.1,9.2,14.8,12.1,110.7,46.4,64.3,42,66.2,63.2,"Woodland",2,1,"Herbivore","Omnivore","Insessorial",2.99,16.43,9.32,-75.49,781311.17,"Extant"
"85","Brotogeris_pyrrhoptera","Psittacidae","Psittaciformes","Brotogeris_pyrrhoptera",22.7,17.1,9.5,15,11.8,117,47.9,67.7,41.5,69.4,63.9,"Forest",2,1,"Herbivore","Omnivore","Insessorial",-4.72,-0.19,-3.2,-79.9,12451.45,"Extant"
"86","Brotogeris_sanctithomae","Psittacidae","Psittaciformes","Brotogeris_sanctithomae",17.2,15,9.7,14.2,12,108.5,43.8,64.7,40.4,62.5,59,"Forest",2,1,"Herbivore","Omnivore","Insessorial",-15.03,2.41,-6.51,-65.84,1707072.32,"Extant"
"87","Brotogeris_tirica","Psittacidae","Psittaciformes","Brotogeris_tirica",22.3,17.3,9.1,15.2,11.9,113.4,40.3,73.6,35.1,106.3,63,"Forest",2,1,"Herbivore","Omnivore","Insessorial",-30.44,-9.01,-20.68,-43.56,288572.86,"Extant"
"88","Brotogeris_versicolurus","Psittacidae","Psittaciformes","Brotogeris_versicolurus",21.8,16.1,9.4,14.5,11.8,114,44.7,69.3,39.3,76.2,71.5,"Forest",2,1,"Herbivore","Omnivore","Insessorial",-9.71,4.83,-2.43,-60.82,635609.93,"Extant"
"89","Cacatua_alba","Psittacidae","Psittaciformes","Cacatua_alba",44.1,38.3,24.8,44.6,27.9,281.5,89,192.5,31.6,151.2,570,"Forest",1,1,"Herbivore","Omnivore","Insessorial",-0.92,2.23,0.69,127.94,20920.49,"Extant"
"90","Cacatua_ducorpsii","Psittacidae","Psittaciformes","Cacatua_ducorpsii",33.2,28.5,18,30.1,21.6,248.5,75.2,173.2,30.2,114.2,394,"Forest",1,1,"Herbivore","Omnivore","Insessorial",-9.95,-5.01,-7.84,157.95,32952.62,"Extant"
"91","Cacatua_galerita","Psittacidae","Psittaciformes","Cacatua_galerita",49.3,40.2,22.4,44.3,28.5,347.3,93.2,266,25.9,198.4,720.4,"Forest",1,1,"Herbivore","Omnivore","Insessorial",-43.64,0.04,-21,142.3,3905044.34,"Extant"
"92","Cacatua_goffiniana","Psittacidae","Psittaciformes","Cacatua_goffiniana",34.5,26.5,13.1,32.5,17.8,210.9,61.8,149.1,29.3,112,275,"Forest",2,1,"Herbivore","Granivore","Insessorial",-8.35,-7.1,-7.61,131.37,4111.87,"Extant"
"93","Cacatua_haematuropygia","Psittacidae","Psittaciformes","Cacatua_haematuropygia",28.7,24.5,17,28,23,214.5,75.2,142.5,34.6,102.7,288,"Forest",2,1,"Herbivore","Granivore","Insessorial",4.61,15.06,10.02,120.81,22755.84,"Extant"
"94","Cacatua_leadbeateri","Psittacidae","Psittaciformes","Cacatua_leadbeateri",34.5,27.8,20.2,38.5,22.7,261.4,94.4,167.3,36.1,137.2,396.8,"Shrubland",2,1,"Herbivore","Granivore","Insessorial",-36.28,-17.66,-27.45,134.93,2876175.43,"Extant"
"95","Cacatua_moluccensis","Psittacidae","Psittaciformes","Cacatua_moluccensis",48.6,42,28.9,47.6,28.4,294.2,84.5,209.8,28.7,170.5,835,"Forest",1,1,"Herbivore","Granivore","Insessorial",-3.88,-2.78,-3.22,129.4,18195.28,"Extant"
"96","Cacatua_ophthalmica","Psittacidae","Psittaciformes","Cacatua_ophthalmica",40.7,34.7,22.4,38.3,29,291,88,203,30.2,169,492,"Forest",1,1,"Herbivore","Granivore","Insessorial",-6.31,-4.14,-5.47,150.65,32330.97,"Extant"
"97","Cacatua_pastinator","Psittacidae","Psittaciformes","Cacatua_pastinator",44.8,42,19.1,31.7,27.4,299.4,112.5,192.5,36.9,148.4,631.7,"Woodland",2,1,"Herbivore","Granivore","Terrestrial",-34.87,-27.85,-30.34,116.67,115082.72,"Extant"
"98","Cacatua_roseicapilla","Psittacidae","Psittaciformes","Cacatua_roseicapilla",31.1,23.1,18.6,27.7,23,256.2,112.6,138.4,44.9,136.8,328,"Woodland",3,1,"Herbivore","Granivore","Terrestrial",-43.52,-11.09,-25.5,134.86,7009675.94,"Extant"
"99","Cacatua_sanguinea","Psittacidae","Psittaciformes","Cacatua_sanguinea",34,29.6,15.9,30.8,24.2,256.2,95.8,160.5,37.4,121.8,523.7,"Woodland",2,1,"Herbivore","Granivore","Terrestrial",-39.14,-7.71,-25.44,136.73,5297412.63,"Extant"
"100","Cacatua_sulphurea","Psittacidae","Psittaciformes","Cacatua_sulphurea",37.4,33,21.2,38.8,21.4,221.2,74.8,146.5,33.8,99.5,303.3,"Forest",2,1,"Herbivore","Granivore","Insessorial",-10.94,1.76,-4.29,121.36,258063.14,"Extant"
"101","Cacatua_tenuirostris","Psittacidae","Psittaciformes","Cacatua_tenuirostris",48.9,44.2,17.2,35.2,23.9,268,117.5,152.2,43.6,119.8,566.6,"Woodland",2,1,"Herbivore","Granivore","Terrestrial",-39,-31.73,-35.63,143.99,381524.01,"Extant"
"102","Callocephalon_fimbriatum","Psittacidae","Psittaciformes","Callocephalon_fimbriatum",32.5,25.3,20.3,39.6,18.2,252.6,96,159.2,37.6,135,256,"Woodland",2,2,"Herbivore","Omnivore","Insessorial",-39.14,-31.14,-35.75,147.35,333455.71,"Extant"
"103","Calyptorhynchus_banksii","Psittacidae","Psittaciformes","Calyptorhynchus_banksii",51.7,39,29.7,62.1,29.2,420.2,185.5,228.2,44.9,291,721.9,"Forest",2,1,"Herbivore","Granivore","Insessorial",-38.43,-10.69,-22.18,136.11,2798975.2,"Extant"
"104","Calyptorhynchus_baudinii","Psittacidae","Psittaciformes","Calyptorhynchus_baudinii",55.1,46.5,25.1,49.1,30.4,375,175,200,46.7,264.5,620,"Forest",1,1,"Herbivore","Granivore","Insessorial",-34.85,-33.53,-34.17,116.7,5966.31,"Extant"
"105","Calyptorhynchus_funereus","Psittacidae","Psittaciformes","Calyptorhynchus_funereus",52.1,42.5,26.7,57.7,31.5,426.2,180.5,243.5,42.7,340.4,674.7,"Woodland",2,1,"Herbivore","Granivore","Insessorial",-43.64,-19.76,-31.7,147.39,1045925.98,"Extant"
"106","Calyptorhynchus_lathami","Psittacidae","Psittaciformes","Calyptorhynchus_lathami",46.3,36.8,29.3,54.1,20.8,346.6,159.2,188.5,45.8,237.6,437,"Forest",2,1,"Herbivore","Granivore","Insessorial",-37.64,-22.62,-29.86,149.61,769482.67,"Extant"
"107","Calyptorhynchus_latirostris","Psittacidae","Psittaciformes","Calyptorhynchus_latirostris",45.5,37.3,24.4,50.7,30.1,361.2,166,195.2,45.9,270,612,"Shrubland",2,1,"Herbivore","Granivore","Insessorial",-34.43,-29.08,-32.28,118.12,41321,"Extant"
"108","Chalcopsitta_atra","Psittacidae","Psittaciformes","Chalcopsitta_atra",29.7,22.7,14,25.1,23.1,177,73.1,109.4,40.1,121,195,"Woodland",3,1,"Herbivore","Nectarivore","Insessorial",-4.11,-0.34,-1.83,132.8,77414.23,"Extant"
"109","Chalcopsitta_cardinalis","Psittacidae","Psittaciformes","Chalcopsitta_cardinalis",25.7,19.8,12.3,21.6,20.4,171.4,74.9,96.3,43.7,141.8,183,"Forest",1,1,"Herbivore","Nectarivore","Insessorial",-10.91,-2.6,-7.95,158.12,35346.62,"Extant"
"110","Chalcopsitta_duivenbodei","Psittacidae","Psittaciformes","Chalcopsitta_duivenbodei",27.4,21.8,12.9,22.4,20.9,170.4,64.7,105.7,38,131,218,"Forest",1,1,"Herbivore","Nectarivore","Insessorial",-5.68,-1.47,-3.81,142.3,63546.37,"Extant"
"111","Chalcopsitta_sintillata","Psittacidae","Psittaciformes","Chalcopsitta_sintillata",28.6,21.4,12.5,22.1,22.5,167.8,69.6,98.4,41.4,110.4,190,"Forest",2,1,"Herbivore","Nectarivore","Insessorial",-10.1,-3.78,-6.86,141.05,311563.34,"Extant"
"112","Charmosyna_amabilis","Psittacidae","Psittaciformes","Charmosyna_amabilis",18.2,13.8,7.7,11.4,14.1,106.8,51.4,55.4,48.2,91.2,8.5,"Forest",1,1,"Herbivore","Nectarivore","Insessorial",-18.27,-16.15,-17.4,171.84,16517.67,"Extant"
"113","Charmosyna_diadema","Psittacidae","Psittaciformes","Charmosyna_diadema",11.3,9,6.1,9.8,10.8,93,38,55,40.9,84.5,37,NA,1,NA,"Herbivore","Omnivore","Insessorial",NA,NA,NA,NA,NA,"Extant"
"114","Charmosyna_josefinae","Psittacidae","Psittaciformes","Charmosyna_josefinae",21.4,16.4,8.9,12.8,15.4,131,64.2,66.8,48.8,240,74,"Forest",1,1,"Herbivore","Nectarivore","Insessorial",-6.66,-0.34,-3.93,138.55,159632.98,"Extant"
"115","Charmosyna_margarethae","Psittacidae","Psittaciformes","Charmosyna_margarethae",16.4,11.8,7.5,9.6,11.8,91.4,42,44.7,48.5,86.8,49.4,"Forest",1,1,"Herbivore","Omnivore","Insessorial",-10.91,-4.46,-8.16,158.57,27078,"Extant"
"116","Charmosyna_meeki","Psittacidae","Psittaciformes","Charmosyna_meeki",14.2,11.1,6.1,7.9,11,76.5,34.8,41.7,45.5,69.7,23.8,"Forest",1,1,"Herbivore","Omnivore","Insessorial",-9.83,-5.59,-7.33,157.35,6507.88,"Extant"
"117","Charmosyna_multistriata","Psittacidae","Psittaciformes","Charmosyna_multistriata",19.7,15.1,7.5,11.4,12.1,95.5,49.6,45.9,52,74,37,"Forest",1,1,"Herbivore","Omnivore","Insessorial",-7.68,-4.01,-5.76,140.92,82448.18,"Extant"
"118","Charmosyna_palmarum","Psittacidae","Psittaciformes","Charmosyna_palmarum",14.6,11.1,6.6,8.6,12.1,90.8,43.2,47.5,47.6,77,37,"Forest",1,1,"Herbivore","Nectarivore","Insessorial",-17.83,-9.83,-15.49,167.39,11109.69,"Extant"
"119","Charmosyna_papou","Psittacidae","Psittaciformes","Charmosyna_papou",19.1,14.5,7.8,11.5,14,111.3,52.1,56.8,47.4,167.8,82.9,"Forest",1,1,"Herbivore","Omnivore","Insessorial",-10.13,-0.53,-5.2,141.67,141783.61,"Extant"
"120","Charmosyna_placentis","Psittacidae","Psittaciformes","Charmosyna_placentis",15.4,11.9,6.9,9.8,11.1,88.4,41.2,47.2,46.5,68.8,33.6,"Forest",1,1,"Herbivore","Omnivore","Insessorial",-10.73,2.65,-5.14,141.04,821124.43,"Extant"
"121","Charmosyna_pulchella","Psittacidae","Psittaciformes","Charmosyna_pulchella",20.5,16.6,9.5,12.5,14.8,114.4,57.8,62.5,48,117,34.1,"Forest",1,1,"Herbivore","Nectarivore","Insessorial",-10.66,-0.77,-5.03,141.51,381133.7,"Extant"
"122","Charmosyna_rubrigularis","Psittacidae","Psittaciformes","Charmosyna_rubrigularis",15.6,12,6.3,9.2,10.8,89.1,43.9,45.2,49.3,87.2,37,"Forest",1,1,"Herbivore","Omnivore","Insessorial",-6.14,-2.51,-5.09,151.27,14811.55,"Extant"
"123","Charmosyna_rubronotata","Psittacidae","Psittaciformes","Charmosyna_rubronotata",15.8,11.9,7.3,10.7,11.1,84.2,38.6,45.9,45.6,65.4,32.5,"Forest",1,1,"Herbivore","Nectarivore","Insessorial",-5.5,-0.34,-2.9,138.32,241413.47,"Extant"
"124","Charmosyna_toxopei","Psittacidae","Psittaciformes","Charmosyna_toxopei",15.9,12,6.7,9.5,10.7,86.9,40.5,46.4,46.6,77.2,37,"Forest",1,1,"Herbivore","Nectarivore","Insessorial",-3.84,-3.05,-3.42,126.63,8554.36,"Extant"
"125","Charmosyna_wilhelminae","Psittacidae","Psittaciformes","Charmosyna_wilhelminae",12.6,9.8,5.1,6.9,9.8,67.2,32.7,34.5,48.6,45.8,18,"Forest",1,1,"Herbivore","Nectarivore","Insessorial",-10.7,-0.81,-5.78,142.71,289944.54,"Extant"
"126","Coracopsis_nigra","Psittacidae","Psittaciformes","Coracopsis_nigra",26.5,19.4,12.7,19.1,19.8,201.7,74.9,124.8,37.4,145.5,186.2,"Forest",1,1,"Herbivore","Frugivore","Insessorial",-25.61,-4.27,-19.38,46.7,591648.04,"Extant"
"127","Coracopsis_vasa","Psittacidae","Psittaciformes","Coracopsis_vasa",45.1,36.4,22.7,35.4,30.8,308.2,119.4,188.3,38.8,210.2,525,"Forest",1,1,"Herbivore","Frugivore","Insessorial",-25.61,-11.36,-19.53,46.69,413210.96,"Extant"
"128","Cyanoliseus_patagonus","Psittacidae","Psittaciformes","Cyanoliseus_patagonus",31.1,27.9,17.4,36.3,21.1,237.8,118.5,119.2,49.9,236.5,277.9,"Shrubland",2,2,"Herbivore","Omnivore","Insessorial",-46.95,-24.66,-36.96,-66.83,899053.38,"Extant"
"129","Cyanopsitta_spixii","Psittacidae","Psittaciformes","Cyanopsitta_spixii",33.3,31.4,15.2,30.4,21.8,277.4,104.8,175.5,37.4,351.5,200,"Forest",2,1,"Herbivore","Omnivore","Insessorial",NA,NA,NA,NA,NA,"Extant"
"130","Cyanoramphus_auriceps","Psittacidae","Psittaciformes","Cyanoramphus_auriceps",14.7,11.9,7.6,13.5,16.7,105,37.8,67,36.1,114.4,45.6,"Forest",1,1,"Herbivore","Granivore","Insessorial",-50.92,-35.48,-43.04,170.77,65410.62,"Extant"
"131","Cyanoramphus_cookii","Psittacidae","Psittaciformes","Cyanoramphus_cookii",19.1,18.1,12.4,22.1,21.2,133.6,49.8,86.2,36.6,155.7,90.2,"Forest",1,1,"Herbivore","Omnivore","Insessorial",-29.02,-29,-29.01,168.04,5.31,"Extant"
"132","Cyanoramphus_forbesi","Psittacidae","Psittaciformes","Cyanoramphus_forbesi",19.6,15.6,11.8,20.5,18.8,120,38.8,81.2,32.3,150,88.5,"Forest",1,1,"Omnivore","Omnivore","Insessorial",-44.28,-44.26,-44.27,-176.3,2.11,"Extant"
"133","Cyanoramphus_malherbi","Psittacidae","Psittaciformes","Cyanoramphus_malherbi",14,10.9,7.4,12.9,17.7,99.2,35,64.2,35.3,109.5,46.7,"Forest",1,1,"Herbivore","Omnivore","Insessorial",-46.07,-37.27,-42.76,171.92,306.82,"Extant"
"134","Cyanoramphus_novaezelandiae","Psittacidae","Psittaciformes","Cyanoramphus_novaezelandiae",16.2,16,10.7,19.1,21.7,128.5,49.5,79,38.7,133.4,90.2,"Forest",1,1,"Herbivore","Omnivore","Insessorial",-50.92,-29.24,-45.78,90.62,3484.5,"Extant"
"135","Cyanoramphus_saisseti","Psittacidae","Psittaciformes","Cyanoramphus_saisseti",16.5,13.7,10.2,17.1,17,121.8,45.5,72.8,38.4,163.7,90.2,"Forest",1,1,"Herbivore","Omnivore","Insessorial",-22.4,-20.09,-21.33,165.48,16389.72,"Extant"
"136","Cyanoramphus_unicolor","Psittacidae","Psittaciformes","Cyanoramphus_unicolor",22.2,19.1,13.3,23.1,24.3,142,54,88,38,136.2,149,"Grassland",2,1,"Herbivore","Herbivore terrestrial","Terrestrial",-49.72,-49.63,-49.69,178.8,22.67,"Extant"
"137","Cyclopsitta_diophthalma","Psittacidae","Psittaciformes","Cyclopsitta_diophthalma",17.9,15.1,11.9,18.3,13.3,93.6,37.7,56.5,40.2,48.6,41.8,"Forest",1,1,"Herbivore","Omnivore","Insessorial",-29.26,-0.01,-9.16,142.4,541595.7,"Extant"
"138","Cyclopsitta_gulielmitertii","Psittacidae","Psittaciformes","Cyclopsitta_gulielmitertii",16,12.9,9.6,14,12.3,79.8,21.5,58.6,26.6,33,31,"Forest",1,1,"Herbivore","Granivore","Insessorial",-10.73,-0.34,-6.03,141.89,543105.32,"Extant"
"139","Deroptyus_accipitrinus","Psittacidae","Psittaciformes","Deroptyus_accipitrinus",37,33.2,20.4,33.1,19.2,192.7,65.7,129.3,33.8,144,246,"Forest",1,1,"Herbivore","Frugivore","Insessorial",-13.2,8.15,-2.14,-58.68,4158548.58,"Extant"
"140","Diopsittaca_nobilis","Psittacidae","Psittaciformes","Diopsittaca_nobilis",30,27.1,18,30.1,17,173.2,76.6,97,44.2,150.9,150.9,"Forest",2,1,"Herbivore","Omnivore","Insessorial",-25.21,10.02,-11.11,-49.45,5289098.3,"Extant"
"141","Eclectus_roratus","Psittacidae","Psittaciformes","Eclectus_roratus",40,32.6,19.4,29.7,21.6,228.2,79.5,149.8,34.7,114.6,480.8,"Forest",1,1,"Herbivore","Omnivore","Insessorial",-16.87,2.65,-5.35,141,943705.71,"Extant"
"142","Enicognathus_ferrugineus","Psittacidae","Psittaciformes","Enicognathus_ferrugineus",22.7,19.2,12.2,24.2,18.6,183.6,87.5,98.2,47,151,160,"Forest",2,1,"Herbivore","Omnivore","Insessorial",-55.72,-32.98,-44.04,-71.96,572089.61,"Extant"
"143","Enicognathus_leptorhynchus","Psittacidae","Psittaciformes","Enicognathus_leptorhynchus",40.6,32.8,13.3,25.7,19.3,215.2,105,110.8,48.8,179.4,193,"Forest",2,2,"Herbivore","Omnivore","Insessorial",-44.61,-33.19,-38.92,-72.64,127008.85,"Extant"
"144","Eos_bornea","Psittacidae","Psittaciformes","Eos_bornea",29.8,23.7,14.1,21.6,19.3,166.6,76.8,88.9,46.4,124.6,156,"Forest",1,1,"Herbivore","Nectarivore","Insessorial",-6.04,-2.78,-3.4,128.72,28750.89,"Extant"
"145","Eos_cyanogenia","Psittacidae","Psittaciformes","Eos_cyanogenia",24.3,21,11.9,19.7,19.7,160,76,84,47.5,104.2,167,"Forest",1,1,"Herbivore","Nectarivore","Insessorial",-1.53,-0.63,-0.97,135.76,2947.6,"Extant"
"146","Eos_histrio","Psittacidae","Psittaciformes","Eos_histrio",24.5,20.5,11.4,20,21.8,161.8,76.5,88.7,46.4,127.8,204,"Forest",2,1,"Herbivore","Frugivore","Insessorial",3.73,4.55,4.21,126.78,1018.35,"Extant"
"147","Eos_reticulata","Psittacidae","Psittaciformes","Eos_reticulata",24.1,19.3,12,19.2,20.8,167,82.6,84.4,49.5,128,153,"Forest",1,1,"Herbivore","Omnivore","Insessorial",-8,-7.1,-7.57,131.29,3616.55,"Extant"
"148","Eos_semilarvata","Psittacidae","Psittaciformes","Eos_semilarvata",23.1,18.9,9.9,18.1,16.2,137.6,65.4,72.2,47.5,99.1,94.5,"Forest",1,1,"Herbivore","Nectarivore","Insessorial",-3.25,-2.99,-3.14,129.41,410.06,"Extant"
"149","Eos_squamata","Psittacidae","Psittaciformes","Eos_squamata",24.6,19.9,11,18.9,18.3,152.4,74.4,78,48.8,105,91,"Forest",1,1,"Herbivore","Omnivore","Insessorial",-2.23,2.65,0.33,128.46,32014.97,"Extant"
"150","Eunymphicus_cornutus","Psittacidae","Psittaciformes","Eunymphicus_cornutus",22.6,18.2,13,22.2,19,154.4,61,91.2,40,166.2,130,"Forest",1,1,"Herbivore","Omnivore","Insessorial",-22.2,-20.33,-21.43,165.66,826.21,"Extant"
"151","Eunymphicus_uvaeensis","Psittacidae","Psittaciformes","Eunymphicus_uvaeensis",25.8,20.5,13.1,23.9,19.1,157,60.3,97.7,38.1,151.7,130,"Forest",1,1,"Herbivore","Omnivore","Insessorial",-20.75,-20.39,-20.57,166.57,153.08,"Extant"
"152","Forpus_coelestis","Psittacidae","Psittaciformes","Forpus_coelestis",16.6,13.1,9.4,14.7,10.6,76.8,26.7,50.5,34.5,39.4,26.1,"Shrubland",2,1,"Herbivore","Omnivore","Generalist",-8.24,1.45,-3.77,-79.9,147204.19,"Extant"
"153","Forpus_conspicillatus","Psittacidae","Psittaciformes","Forpus_conspicillatus",13.5,11.5,9.6,11.5,9.9,77.2,30.5,49,38.4,38.8,26.4,"Woodland",2,1,"Herbivore","Omnivore","Generalist",1.37,10.7,6.3,-73.8,321378.79,"Extant"
"154","Forpus_cyanopygius","Psittacidae","Psittaciformes","Forpus_cyanopygius",14.9,12.8,9,13.8,10.6,84.5,34.8,49.8,41.1,39.8,33.5,"Woodland",2,1,"Herbivore","Frugivore","Generalist",18.7,28.43,23.65,-106.42,115539.41,"Extant"
"155","Forpus_modestus","Psittacidae","Psittaciformes","Forpus_modestus",14.5,12.5,8.6,13.7,10.3,81,30.3,51.1,37.3,38.1,27.2,"Forest",2,1,"Herbivore","Frugivore","Insessorial",-17.89,8.46,-5.05,-66.16,2850135.48,"Extant"
"156","Forpus_passerinus","Psittacidae","Psittaciformes","Forpus_passerinus",15.9,12.6,8.3,12.8,9.8,79.5,31.9,47.7,40.1,37.7,23,"Woodland",2,1,"Herbivore","Granivore","Generalist",-3.53,12.46,5.77,-61.48,1060411.64,"Extant"
"157","Forpus_xanthops","Psittacidae","Psittaciformes","Forpus_xanthops",16.3,14.4,9.9,14.5,12.4,89.8,34.8,54.5,39,43.2,35,"Woodland",2,1,"Herbivore","Omnivore","Generalist",-8.05,-6.8,-7.37,-77.85,2369.79,"Extant"
"158","Forpus_xanthopterygius","Psittacidae","Psittaciformes","Forpus_xanthopterygius",14.6,12.4,8.5,12.9,10.1,80.2,23.4,56.9,29.2,41,31,"Forest",2,1,"Herbivore","Omnivore","Insessorial",-28.88,11.35,-13.4,-53.57,5807185.18,"Extant"
"159","Geoffroyus_geoffroyi","Psittacidae","Psittaciformes","Geoffroyus_geoffroyi",24,18.4,11.4,17.5,15.7,147.6,56.2,84.2,40,76,164,"Forest",1,1,"Herbivore","Omnivore","Insessorial",-13.7,2.65,-5.48,138.95,793407.63,"Extant"
"160","Geoffroyus_heteroclitus","Psittacidae","Psittaciformes","Geoffroyus_heteroclitus",21.8,20,12.2,19.4,17.7,157.2,66.7,93.9,41.6,88.9,170,"Forest",1,1,"Herbivore","Frugivore","Insessorial",-11.85,-2.36,-6.5,154.32,79449.43,"Extant"
"161","Geoffroyus_simplex","Psittacidae","Psittaciformes","Geoffroyus_simplex",24.5,20.1,11.6,20,16.1,160.2,85.8,74.5,53.5,72.2,161,"Forest",1,1,"Herbivore","Granivore","Insessorial",-10.61,-0.5,-5.54,142.35,251222.71,"Extant"
"162","Glossopsitta_concinna","Psittacidae","Psittaciformes","Glossopsitta_concinna",17.8,13.2,8.9,15,14.8,124.6,65.5,57.2,53.4,90.8,70.5,"Woodland",2,1,"Herbivore","Omnivore","Insessorial",-43.64,-26,-34.83,146.25,663167.13,"Extant"
"163","Glossopsitta_porphyrocephala","Psittacidae","Psittaciformes","Glossopsitta_porphyrocephala",15,11,7,11,12.3,103,55.2,46.8,54.2,59.4,44.7,"Woodland",2,1,"Herbivore","Nectarivore","Insessorial",-38.86,-29.34,-33.42,130.5,937738.55,"Extant"
"164","Glossopsitta_pusilla","Psittacidae","Psittaciformes","Glossopsitta_pusilla",14.4,10.2,7.4,9.7,11.2,96.2,52.6,43.6,54.7,55.8,39.4,"Woodland",2,1,"Herbivore","Omnivore","Insessorial",-39,-15.93,-31.2,148.58,776503.49,"Extant"
"165","Graydidascalus_brachyurus","Psittacidae","Psittaciformes","Graydidascalus_brachyurus",31.4,25.1,15.4,24.9,15.7,137.8,47.5,90.3,34,50.8,159,"Forest",1,1,"Herbivore","Frugivore","Insessorial",-10.6,5.18,-3.18,-64.99,658158.94,"Extant"
"166","Guaruba_guarouba","Psittacidae","Psittaciformes","Guaruba_guarouba",40.1,34.8,23.5,36.4,18.5,204.7,75.6,127.8,36.8,154.8,194,"Forest",1,1,"Herbivore","Frugivore","Insessorial",-7.88,-1.46,-4.09,-52.53,261029.65,"Extant"
"167","Hapalopsittaca_amazonina","Psittacidae","Psittaciformes","Hapalopsittaca_amazonina",21.8,15.7,9.9,15.7,14.5,148.9,59.8,87.8,40.5,74.2,106,"Forest",1,1,"Herbivore","Omnivore","Insessorial",1.49,9.5,4.83,-74.05,26455.08,"Extant"
"168","Hapalopsittaca_fuertesi","Psittacidae","Psittaciformes","Hapalopsittaca_fuertesi",23.4,16.7,11.3,17.3,17,152.7,59.4,93.3,38.9,86.1,124,"Forest",1,1,"Herbivore","Frugivore","Insessorial",3.94,5.12,4.48,-75.55,1413.29,"Extant"
"169","Hapalopsittaca_melanotis","Psittacidae","Psittaciformes","Hapalopsittaca_melanotis",20,16.4,11.4,18,15.9,159.4,59.8,99.7,37.5,86.9,158,"Forest",1,1,"Herbivore","Frugivore","Insessorial",-18.04,-9.18,-14.59,-69.57,38602.75,"Extant"
"170","Hapalopsittaca_pyrrhops","Psittacidae","Psittaciformes","Hapalopsittaca_pyrrhops",21.9,15.7,9.8,14.8,14.6,138.8,52.3,86.4,37.7,84,103,"Forest",1,1,"Herbivore","Omnivore","Insessorial",-5.68,-1.92,-3.17,-78.87,9936.59,"Extant"
"171","Lathamus_discolor","Psittacidae","Psittaciformes","Lathamus_discolor",15.8,11.7,8,13.7,14.3,123,64.8,57.6,53,119.8,64.7,"Forest",2,3,"Herbivore","Nectarivore","Insessorial",-43.64,-40.99,-42.48,147.61,12318.07,"Extant"
"172","Leptosittaca_branickii","Psittacidae","Psittaciformes","Leptosittaca_branickii",27,24,14.3,25.9,19.4,181.6,74.7,105.1,41.5,191.5,155.7,"Forest",1,1,"Herbivore","Granivore","Insessorial",-13.59,5.07,-4.59,-75.13,44189.56,"Extant"
"173","Loriculus_amabilis","Psittacidae","Psittaciformes","Loriculus_amabilis",12.4,9.6,5.4,8.4,9.9,76.5,30.6,45.9,40.1,38.3,20,"Forest",1,1,"Herbivore","Frugivore","Insessorial",-0.92,2.65,0.87,128,22755.09,"Extant"
"174","Loriculus_aurantiifrons","Psittacidae","Psittaciformes","Loriculus_aurantiifrons",9,7,3.7,6.1,7.9,67.2,28,40,41.1,30,15.5,"Forest",1,1,"Herbivore","Nectarivore","Insessorial",-10.73,-0.01,-4.99,141.16,573982.76,"Extant"
"175","Loriculus_beryllinus","Psittacidae","Psittaciformes","Loriculus_beryllinus",14.9,11.8,6.5,9.2,10.3,88.4,40,49.5,44.7,39.6,30,"Forest",2,1,"Herbivore","Omnivore","Insessorial",5.99,7.63,6.83,80.63,16049.97,"Extant"
"176","Loriculus_catamene","Psittacidae","Psittaciformes","Loriculus_catamene",14.1,10.2,5.2,7.6,11,80.9,35.1,45.8,43.4,37.5,34,"Forest",1,1,"Herbivore","Omnivore","Insessorial",3.38,3.74,3.56,125.54,556.53,"Extant"
"177","Loriculus_exilis","Psittacidae","Psittaciformes","Loriculus_exilis",9.7,7.4,4,7.5,8,66.6,27.8,37.8,42.4,28.8,34,"Forest",2,1,"Herbivore","Omnivore","Insessorial",-5.66,1.76,-1.63,121.35,103461.58,"Extant"
"178","Loriculus_flosculus","Psittacidae","Psittaciformes","Loriculus_flosculus",13.5,10.1,5.7,8.7,10.5,76,31.1,44.9,40.9,32,34,"Forest",1,1,"Herbivore","Frugivore","Insessorial",-8.83,-8.37,-8.62,121.11,1417.69,"Extant"
"179","Loriculus_galgulus","Psittacidae","Psittaciformes","Loriculus_galgulus",15.7,11.7,6.6,8.5,10.1,79.6,33.8,46.2,42.1,32.2,28,"Forest",1,1,"Herbivore","Frugivore","Insessorial",-6.87,10.85,1.04,108.17,1413389.85,"Extant"
"180","Loriculus_philippensis","Psittacidae","Psittaciformes","Loriculus_philippensis",17.4,13.1,5.6,9.3,11.4,91.5,35.1,56.3,38.5,39.4,34.9,"Forest",1,1,"Herbivore","Omnivore","Insessorial",4.79,18.65,11.83,123.09,276863,"Extant"
"181","Loriculus_pusillus","Psittacidae","Psittaciformes","Loriculus_pusillus",12,9.6,5.2,7.9,9.6,84.8,38.5,46.2,45.4,33.8,34,"Forest",1,1,"Herbivore","Omnivore","Insessorial",-8.78,-6.03,-7.44,109.66,62429.77,"Extant"
"182","Loriculus_sclateri","Psittacidae","Psittaciformes","Loriculus_sclateri",14.2,11.5,5.8,9.2,11.1,89,37.2,51.8,41.9,37.5,34,"Forest",1,1,"Herbivore","Omnivore","Insessorial",-2.49,-1.16,-1.71,124.42,7519.86,"Extant"
"183","Loriculus_stigmatus","Psittacidae","Psittaciformes","Loriculus_stigmatus",13.4,11,6,9,11.2,97.2,40.2,56.5,41.6,40.8,28,"Forest",1,1,"Herbivore","Omnivore","Insessorial",-5.71,1.84,-2.13,121.19,177593.14,"Extant"
"184","Loriculus_tener","Psittacidae","Psittaciformes","Loriculus_tener",10.1,7.2,3.3,5.9,8.9,65.1,25.5,39.6,39.2,30,12,"Forest",1,1,"Herbivore","Omnivore","Insessorial",-6.31,-2.34,-5.16,150.99,30581.57,"Extant"
"185","Loriculus_vernalis","Psittacidae","Psittaciformes","Loriculus_vernalis",13.5,10.5,5.6,8.9,9.9,86.8,39,46.5,45.6,36.4,35.7,"Forest",1,1,"Herbivore","Frugivore","Insessorial",8.56,28.36,18.78,97.17,2278295.57,"Extant"
"186","Lorius_albidinucha","Psittacidae","Psittaciformes","Lorius_albidinucha",27.8,21.6,11,19.4,20.5,159.3,63.5,95.9,39.9,92.3,132,"Forest",1,1,"Herbivore","Nectarivore","Insessorial",-4.64,-3.24,-4.11,152.69,2255.83,"Extant"
"187","Lorius_chlorocercus","Psittacidae","Psittaciformes","Lorius_chlorocercus",27.6,21.6,10.8,21.8,20.9,158.4,67.8,88.9,43.2,90.4,173.5,"Forest",1,1,"Herbivore","Omnivore","Insessorial",-11.85,-8.3,-9.75,160.84,14033.51,"Extant"
"188","Lorius_domicella","Psittacidae","Psittaciformes","Lorius_domicella",32,26.1,13,22.5,22.8,162.2,65.6,97.4,40.2,96,182,"Forest",1,1,"Herbivore","Nectarivore","Insessorial",-3.81,-2.86,-3.18,129.22,6298.74,"Extant"
"189","Lorius_garrulus","Psittacidae","Psittaciformes","Lorius_garrulus",28.9,23.5,13.4,21.6,24.2,168.2,70.6,99.4,41.5,102.6,143,"Forest",1,1,"Herbivore","Nectarivore","Insessorial",-1.74,2.65,0.62,127.97,25448.01,"Extant"
"190","Lorius_hypoinochrous","Psittacidae","Psittaciformes","Lorius_hypoinochrous",31.6,26.7,14.2,23.6,21.2,171.9,75.3,96.6,43.8,90.2,187,"Forest",1,1,"Herbivore","Nectarivore","Insessorial",-11.66,-2.34,-6.31,150.63,61928.79,"Extant"
"191","Lorius_lory","Psittacidae","Psittaciformes","Lorius_lory",31.6,25.6,13.1,21.4,24.2,163,64.2,98.8,39.4,88,176.9,"Forest",1,1,"Herbivore","Nectarivore","Insessorial",-10.73,0.04,-5.26,140.9,663810.01,"Extant"
"192","Melopsittacus_undulatus","Psittacidae","Psittaciformes","Melopsittacus_undulatus",12.7,11.2,7.3,11.1,12.4,95.4,48.4,46.9,50.9,93.2,29,"Woodland",3,2,"Herbivore","Granivore","Generalist",-37.95,-13.96,-25.84,132.9,5879807.51,"Extant"
"193","Micropsitta_bruijnii","Psittacidae","Psittaciformes","Micropsitta_bruijnii",8.6,6.7,5,8.8,7.5,63.2,26.2,35.8,42.2,25.6,13.4,"Forest",1,1,"Herbivore","Herbivore terrestrial","Insessorial",-10.3,-0.52,-5.53,143.2,221432.6,"Extant"
"194","Micropsitta_finschii","Psittacidae","Psittaciformes","Micropsitta_finschii",10.2,7.7,6.5,9.9,9.5,63,19.9,42.9,31.6,32,15,"Forest",1,1,"Herbivore","Herbivore terrestrial","Insessorial",-11.85,-2.34,-7.2,157.03,42665.37,"Extant"
"195","Micropsitta_geelvinkiana","Psittacidae","Psittaciformes","Micropsitta_geelvinkiana",10.2,7.8,6.6,10.5,9.9,53.2,12.9,40.4,24.2,25.5,12.2,"Forest",1,1,"Herbivore","Herbivore terrestrial","Insessorial",-1.22,-0.63,-0.93,135.76,2459.09,"Extant"
"196","Micropsitta_keiensis","Psittacidae","Psittaciformes","Micropsitta_keiensis",10,7.2,6.1,10,7.9,59.6,21.5,37.5,36.5,26.8,12.1,"Forest",1,1,"Herbivore","Herbivore terrestrial","Insessorial",-9.33,0.04,-6.06,138.23,181899.43,"Extant"
"197","Micropsitta_meeki","Psittacidae","Psittaciformes","Micropsitta_meeki",11.1,8.8,7.1,11.2,7.9,57.7,19.9,37.8,34.4,26,13.8,"Forest",1,1,"Herbivore","Herbivore terrestrial","Insessorial",-2.44,-1.32,-2,147.41,2353.01,"Extant"
"198","Micropsitta_pusio","Psittacidae","Psittaciformes","Micropsitta_pusio",9.7,7.5,6.7,10.2,8.8,61.3,23.3,38,38,26.5,14,"Forest",2,1,"Herbivore","Herbivore terrestrial","Insessorial",-11.66,-1.47,-4.98,143.8,290278.95,"Extant"
"199","Myiopsitta_monachus","Psittacidae","Psittaciformes","Myiopsitta_monachus",22.4,19.3,12.8,19.5,15.8,147.2,64.4,82.8,43.8,141.4,120,"Human Modified",2,1,"Herbivore","Omnivore","Insessorial",-43.46,-15.28,-29.45,-60.85,2854802.75,"Extant"
"200","Nandayus_nenday","Psittacidae","Psittaciformes","Nandayus_nenday",25.8,23.9,12.6,23.3,16.7,182.2,84.8,97.5,46.5,179.5,128,"Forest",2,1,"Herbivore","Omnivore","Insessorial",-28.91,-16.13,-22.37,-58.48,259554.61,"Extant"
"201","Nannopsittaca_dachilleae","Psittacidae","Psittaciformes","Nannopsittaca_dachilleae",13.1,9.9,7.7,9.9,10.7,82,28.1,53.9,34.4,39.6,41.5,"Forest",1,1,"Herbivore","Omnivore","Insessorial",-14.14,-3.78,-12.34,-69.75,133890.4,"Extant"
"202","Nannopsittaca_panychlora","Psittacidae","Psittaciformes","Nannopsittaca_panychlora",17.1,12.1,6.8,10.5,9.6,92.2,43.7,48.5,47.4,44,44.1,"Forest",1,1,"Herbivore","Frugivore","Insessorial",0.92,10.38,5,-62.48,49125.11,"Extant"
"203","Neophema_chrysogaster","Psittacidae","Psittaciformes","Neophema_chrysogaster",13.6,10.5,7.3,12,14.6,107,47,60,43.9,101,45.9,"Forest",2,1,"Herbivore","Granivore","Terrestrial",-43.35,-42.19,-42.81,145.83,3129.58,"Extant"
"204","Neophema_chrysostoma","Psittacidae","Psittaciformes","Neophema_chrysostoma",14.1,11.2,7.6,12,14.8,104.8,45.1,61,42.6,125.4,46.1,"Woodland",2,1,"Herbivore","Granivore","Terrestrial",-43.64,-36.35,-39.43,145.17,171443.53,"Extant"
"205","Neophema_elegans","Psittacidae","Psittaciformes","Neophema_elegans",13.3,10.5,7.3,12.1,15.4,108.4,47.2,60.8,43.8,120.2,43.4,"Woodland",2,1,"Herbivore","Granivore","Terrestrial",-38.22,-21.79,-31.99,127.74,865735.95,"Extant"
"206","Neophema_petrophila","Psittacidae","Psittaciformes","Neophema_petrophila",14,10.9,7.7,12.4,16.1,111.2,50.1,61.1,45.1,105,53.2,"Woodland",2,1,"Herbivore","Granivore","Terrestrial",-36.08,-25.49,-33.43,126.1,142134.67,"Extant"
"207","Neophema_pulchella","Psittacidae","Psittaciformes","Neophema_pulchella",13.1,10.2,7.3,13,14,108.6,51.1,58.6,46.5,98.2,41.4,"Forest",2,1,"Herbivore","Omnivore","Insessorial",-38.06,-25.76,-32.38,148.84,492396.14,"Extant"
"208","Neophema_splendida","Psittacidae","Psittaciformes","Neophema_splendida",12.8,10.3,7,12.6,14.6,118,52.5,64.7,44.8,101.8,38.6,"Shrubland",2,1,"Herbivore","Granivore","Terrestrial",-35.19,-25.79,-30.2,132.78,262252.22,"Extant"
"209","Neopsephotus_bourkii","Psittacidae","Psittaciformes","Neopsephotus_bourkii",13.2,11.1,7.5,13.3,13.5,118.2,56.6,61.7,47.8,112.2,44.4,"Shrubland",2,1,"Herbivore","Granivore","Terrestrial",-32.4,-20.86,-26.91,129.19,1717936.07,"Extant"
"210","Neopsittacus_musschenbroekii","Psittacidae","Psittaciformes","Neopsittacus_musschenbroekii",15,12.4,8.1,13,14.3,104.8,47,57.8,44.9,88.5,50.9,"Forest",1,1,"Herbivore","Frugivore","Insessorial",-10.26,-0.38,-5.39,142.01,229336.72,"Extant"
"211","Neopsittacus_pullicauda","Psittacidae","Psittaciformes","Neopsittacus_pullicauda",17.3,13.3,8.4,12.8,15.6,104.5,44.8,59.7,42.9,89.9,33.2,"Forest",1,1,"Herbivore","Omnivore","Insessorial",-10.1,-2.93,-5.02,141,114873.52,"Extant"
"212","Nestor_meridionalis","Psittacidae","Psittaciformes","Nestor_meridionalis",55.1,44.5,14.4,35.8,38.2,284.3,101.2,184.6,35.5,172.2,428,"Forest",1,1,"Herbivore","Omnivore","Insessorial",-47.29,-35.2,-41.88,172.02,71120.91,"Extant"
"213","Nestor_notabilis","Psittacidae","Psittaciformes","Nestor_notabilis",59,46.2,15.9,28.7,45.1,308.5,106.3,202.2,34.5,168.5,863,"Grassland",2,1,"Herbivore","Omnivore","Insessorial",-46.26,-40.78,-43.37,170.31,63273.75,"Extant"
"214","Northiella_haematogaster","Psittacidae","Psittaciformes","Northiella_haematogaster",18.3,14.8,9.9,18.4,20.8,128.6,44.4,83.9,34.6,166.9,85.9,"Woodland",2,2,"Herbivore","Omnivore","Insessorial",-36.66,-24.98,-30.59,141.95,1732521.3,"Extant"
"215","Nymphicus_hollandicus","Psittacidae","Psittaciformes","Nymphicus_hollandicus",17.7,14.1,8.7,15.8,14.8,167.3,83.8,81.8,50.6,165.9,94.6,"Grassland",3,2,"Herbivore","Granivore","Terrestrial",-37.68,-12.04,-25.22,134.6,6462401.72,"Extant"
"216","Ognorhynchus_icterotis","Psittacidae","Psittaciformes","Ognorhynchus_icterotis",40.4,36,25.2,44.8,20.8,220,108.5,111.5,49.4,173.2,285,"Forest",1,1,"Herbivore","Frugivore","Insessorial",-0.8,6.2,5.24,-75.86,513.55,"Extant"
"217","Oreopsittacus_arfaki","Psittacidae","Psittaciformes","Oreopsittacus_arfaki",18.1,14.4,9.5,15.5,14.5,110.2,50.4,59.9,45.7,88,20.2,"Forest",1,1,"Herbivore","Omnivore","Insessorial",-10.1,-0.87,-4.85,140.71,108008.26,"Extant"
"218","Orthopsittaca_manilata","Psittacidae","Psittaciformes","Orthopsittaca_manilata",30.5,27.7,17,30.8,20.6,239.8,99.9,139.9,41.5,214.5,372,"Woodland",2,2,"Herbivore","Frugivore","Insessorial",-20.63,10.84,-6.22,-58.81,7148717.74,"Extant"
"219","Pezoporus_occidentalis","Psittacidae","Psittaciformes","Pezoporus_occidentalis",18.4,13,8.7,17.1,22.1,142.2,64.1,77.7,45.3,100.2,130,"Shrubland",2,1,"Herbivore","Granivore","Terrestrial",-26.85,-18.76,-22.51,127.67,66684.53,"Extant"
"220","Pezoporus_wallicus","Psittacidae","Psittaciformes","Pezoporus_wallicus",18,12.7,9.1,16,25.2,134.3,57.3,77.4,42.5,183.8,71.2,"Shrubland",2,1,"Herbivore","Granivore","Generalist",-43.64,-24.86,-36.15,146.08,195370.72,"Extant"
"221","Phigys_solitarius","Psittacidae","Psittaciformes","Phigys_solitarius",19.5,14.7,8.1,12.7,16.8,123.2,59.2,61.6,49,65.6,83.3,"Forest",1,1,"Herbivore","Nectarivore","Insessorial",-19.2,-15.71,-17.45,164.25,18131.8,"Extant"
"222","Pionites_leucogaster","Psittacidae","Psittaciformes","Pionites_leucogaster",28,24.7,13.6,24.9,16.9,138.3,44.4,94,32.1,69.5,155,"Forest",1,1,"Herbivore","Frugivore","Insessorial",-18.21,-0.54,-8.31,-60.43,3419237.61,"Extant"
"223","Pionites_melanocephalus","Psittacidae","Psittaciformes","Pionites_melanocephalus",29.6,23.8,13.3,23.4,14.6,135.4,46.7,87.6,34.8,68.6,148.8,"Forest",1,1,"Herbivore","Granivore","Insessorial",-10.09,10.1,1.31,-64.3,2920163.54,"Extant"
"224","Pionopsitta_pileata","Psittacidae","Psittaciformes","Pionopsitta_pileata",25.3,19,11.6,17.5,14.5,140,49.8,89.8,35.8,70.2,119,"Forest",1,1,"Herbivore","Omnivore","Insessorial",-32.36,-13.97,-25.86,-50.6,728878.23,"Extant"
"225","Pionus_chalcopterus","Psittacidae","Psittaciformes","Pionus_chalcopterus",33.5,24.6,14.7,24.7,15.9,189.8,59.2,130.6,31.1,77.5,210,"Forest",1,1,"Herbivore","Frugivore","Insessorial",-4.29,10.99,2.12,-77.46,158502.65,"Extant"
"226","Pionus_fuscus","Psittacidae","Psittaciformes","Pionus_fuscus",31.2,23.8,14.5,24.4,18.1,164,53.2,110.8,32.4,64.8,206,"Forest",1,1,"Herbivore","Frugivore","Insessorial",-5.31,10.82,1.03,-55.72,1865113.69,"Extant"
"227","Pionus_maximiliani","Psittacidae","Psittaciformes","Pionus_maximiliani",33,23.6,16.4,26.4,18.6,184.4,64.8,119.2,35.2,87.2,293,"Forest",1,1,"Herbivore","Granivore","Insessorial",-29.72,-3.02,-17.7,-50.03,4524942.98,"Extant"
"228","Pionus_menstruus","Psittacidae","Psittaciformes","Pionus_menstruus",26.9,23.8,14.6,23.6,16.1,178.5,53.1,127.6,29.1,75,251,"Forest",2,1,"Herbivore","Omnivore","Insessorial",-20.29,11.84,-4.42,-62.12,8509155.91,"Extant"
"229","Pionus_senilis","Psittacidae","Psittaciformes","Pionus_senilis",30.6,23.3,13.6,23.9,15.5,164.6,63.7,89.8,41.5,74.3,212,"Forest",1,1,"Herbivore","Omnivore","Insessorial",8.03,23.74,16.36,-90.11,458536.21,"Extant"
"230","Pionus_sordidus","Psittacidae","Psittaciformes","Pionus_sordidus",26.1,24.1,14.3,25.4,17.6,183.2,63.5,119.7,34.6,80.7,266,"Forest",1,1,"Herbivore","Frugivore","Insessorial",-21.27,11.29,-0.52,-71.86,167594.89,"Extant"
"231","Pionus_tumultuosus","Psittacidae","Psittaciformes","Pionus_tumultuosus",29.5,23.7,13.9,24.8,19,184.5,66.4,118.1,36,79.3,239,"Forest",1,1,"Herbivore","Frugivore","Insessorial",-18.16,9.92,-4.97,-73.73,374512.07,"Extant"
"232","Platycercus_adscitus","Psittacidae","Psittaciformes","Platycercus_adscitus",19.2,15.5,10.8,20.4,16.2,141.8,56.2,85,39.8,149.6,111,"Woodland",2,1,"Herbivore","Omnivore","Insessorial",-32.88,-10.02,-23.8,146.69,1465853.97,"Extant"
"233","Platycercus_caledonicus","Psittacidae","Psittaciformes","Platycercus_caledonicus",19.8,16.5,12,23.2,20.6,175.2,75,100.2,42.8,179.2,132.6,"Woodland",2,1,"Herbivore","Omnivore","Insessorial",-43.64,-39.44,-41.94,146.59,68050.36,"Extant"
"234","Platycercus_elegans","Psittacidae","Psittaciformes","Platycercus_elegans",21,16.7,12.1,23.8,20.5,171,73,98,42.7,178.8,123.9,"Forest",1,1,"Herbivore","Omnivore","Insessorial",-39.14,-15.97,-32.73,147.25,743635.36,"Extant"
"235","Platycercus_eximius","Psittacidae","Psittaciformes","Platycercus_eximius",18.3,14.7,10.6,18.3,17.8,151.4,63,86.2,42.2,155.8,104,"Woodland",2,1,"Herbivore","Omnivore","Insessorial",-43.52,-25,-33.61,147.21,1075798.21,"Extant"
"236","Platycercus_icterotis","Psittacidae","Psittaciformes","Platycercus_icterotis",15.6,12.6,8.7,16,16,134,57.5,76.5,42.9,140,63.3,"Forest",2,1,"Herbivore","Granivore","Insessorial",-35.19,-30,-32.8,118.49,214002.52,"Extant"
"237","Platycercus_venustus","Psittacidae","Psittaciformes","Platycercus_venustus",18.5,15.2,10.9,18.6,17.3,146.2,57.8,89,39.4,146.2,89.4,"Woodland",2,1,"Herbivore","Granivore","Insessorial",-19.28,-11,-15.86,131.32,785415.83,"Extant"
"238","Poicephalus_crassus","Psittacidae","Psittaciformes","Poicephalus_crassus",29.9,23.4,14.6,27.5,17.4,165.4,69,96.7,41.6,74,140,"Forest",2,1,"Herbivore","Granivore","Insessorial",3.85,8.89,5.94,21.22,343246.59,"Extant"
"239","Poicephalus_cryptoxanthus","Psittacidae","Psittaciformes","Poicephalus_cryptoxanthus",25.3,19.8,14.1,23.5,16,156.2,67.7,86.8,43.8,70.8,140,"Woodland",3,1,"Herbivore","Omnivore","Insessorial",-29.09,-1.84,-15.7,35.89,1182606.67,"Extant"
"240","Poicephalus_flavifrons","Psittacidae","Psittaciformes","Poicephalus_flavifrons",30.1,24.2,16.8,27.7,18.3,175,70.2,104.1,40.2,81.4,174,"Forest",2,1,"Herbivore","Omnivore","Insessorial",5.53,14.31,9,37.65,205738.93,"Extant"
"241","Poicephalus_gulielmi","Psittacidae","Psittaciformes","Poicephalus_gulielmi",39,31,20.9,33.9,19.2,203.6,85.6,120.5,41.5,91.6,274.6,"Forest",1,1,"Herbivore","Omnivore","Insessorial",-9.42,7.21,0.83,17.59,1483974.66,"Extant"
"242","Poicephalus_meyeri","Psittacidae","Psittaciformes","Poicephalus_meyeri",25.3,21.2,13.4,23.3,16.1,146.8,59,87.5,40.3,62.2,117.5,"Grassland",2,1,"Herbivore","Omnivore","Insessorial",-25.97,16.79,-5.66,27.19,5835819.27,"Extant"
"243","Poicephalus_robustus","Psittacidae","Psittaciformes","Poicephalus_robustus",44,36.4,21.7,38.7,21.3,209.8,85.6,124,40.9,89,343,"Forest",1,1,"Herbivore","Omnivore","Insessorial",-33.78,14.06,-10.19,24.46,3598973.77,"Extant"
"244","Poicephalus_rueppellii","Psittacidae","Psittaciformes","Poicephalus_rueppellii",26.1,20.9,13.7,24.5,16.2,145,58.3,89.2,39.5,72.2,116,"Shrubland",2,1,"Herbivore","Omnivore","Insessorial",-24.98,-8.4,-18.72,15.68,597941.08,"Extant"
"245","Poicephalus_rufiventris","Psittacidae","Psittaciformes","Poicephalus_rufiventris",23.4,21.6,14.6,25.4,17,152.6,56.6,95.8,37.2,73.7,120,"Shrubland",2,1,"Herbivore","Omnivore","Insessorial",-6.74,12.15,3.99,41.3,1544074.33,"Extant"
"246","Poicephalus_senegalus","Psittacidae","Psittaciformes","Poicephalus_senegalus",24.5,22.8,14,23.8,17.4,157,62.8,94.2,39.9,67.9,147,"Woodland",3,1,"Herbivore","Omnivore","Insessorial",5.12,18.1,11.06,-0.67,2713959.34,"Extant"
"247","Polytelis_alexandrae","Psittacidae","Psittaciformes","Polytelis_alexandrae",20.5,15.6,11.1,16.1,19.6,183.6,99.3,82.4,54.6,259.4,103.7,"Desert",3,2,"Herbivore","Granivore","Insessorial",-29.28,-19.75,-24.39,129.47,1234652.55,"Extant"
"248","Polytelis_anthopeplus","Psittacidae","Psittaciformes","Polytelis_anthopeplus",22.9,17.8,11.7,18.3,20,191,99.9,91.1,52.3,209,170,"Shrubland",2,2,"Herbivore","Omnivore","Insessorial",-36.8,-27.97,-32.6,124.94,387356.37,"Extant"
"249","Polytelis_swainsonii","Psittacidae","Psittaciformes","Polytelis_swainsonii",20.6,15.4,11.1,16.4,18.3,184.2,95,89.2,51.6,211.8,153,"Forest",2,2,"Herbivore","Omnivore","Insessorial",-36.27,-33.51,-34.97,146.62,81178.47,"Extant"
"250","Primolius_auricollis","Psittacidae","Psittaciformes","Primolius_auricollis",36.4,33.4,19.2,37.1,17.6,202.2,89.7,112.6,44.3,179.3,245,"Woodland",2,1,"Herbivore","Omnivore","Insessorial",-24.41,-8.16,-16.31,-60.21,838451.74,"Extant"
"251","Primolius_couloni","Psittacidae","Psittaciformes","Primolius_couloni",36.2,36.6,21.6,40.5,21.3,221.8,93.5,128.4,42.2,218.7,250,"Forest",1,1,"Herbivore","Omnivore","Insessorial",-14.97,-5.39,-10.73,-71.26,649262.51,"Extant"
"252","Primolius_maracana","Psittacidae","Psittaciformes","Primolius_maracana",37.3,33.9,18,38,14.8,209.8,73.3,135.5,35.4,208.8,256,"Forest",1,1,"Herbivore","Frugivore","Insessorial",-26.58,-0.54,-15.24,-48.58,3458797.75,"Extant"
"253","Prioniturus_discurus","Psittacidae","Psittaciformes","Prioniturus_discurus",23.6,20.6,13.1,16.7,15.9,153.1,58.5,89.6,39.5,76.5,148.1,"Forest",1,1,"Herbivore","Frugivore","Insessorial",5.37,14.35,9.57,124.07,181590.99,"Extant"
"254","Prioniturus_flavicans","Psittacidae","Psittaciformes","Prioniturus_flavicans",27,23.8,15.1,21.5,19,179,63,116,35.2,104.2,116.8,"Forest",1,1,"Herbivore","Frugivore","Insessorial",-0.59,1.88,0.78,123.41,19945.56,"Extant"
"255","Prioniturus_luconensis","Psittacidae","Psittaciformes","Prioniturus_luconensis",22.1,18.8,11.3,17,14.8,143.8,60.8,83,42.3,72.8,108,"Forest",1,1,"Herbivore","Frugivore","Insessorial",13.16,18.65,16.24,121.19,93519.26,"Extant"
"256","Prioniturus_mada","Psittacidae","Psittaciformes","Prioniturus_mada",24,19.1,12.2,20.3,18.4,174.8,68.5,103.5,39.8,103.8,116.8,"Forest",1,1,"Herbivore","Frugivore","Insessorial",-3.84,-3.05,-3.44,126.54,6285.54,"Extant"
"257","Prioniturus_montanus","Psittacidae","Psittaciformes","Prioniturus_montanus",22.8,20,11.8,19.8,18,158.6,64.1,94.5,40.5,102.3,118.3,"Forest",1,1,"Herbivore","Frugivore","Insessorial",16.16,18.47,17.26,121.26,10411.71,"Extant"
"258","Prioniturus_platenae","Psittacidae","Psittaciformes","Prioniturus_platenae",23.8,19.5,12.1,18.3,16.2,154.4,74,80.2,48,75,112,"Forest",1,1,"Herbivore","Frugivore","Insessorial",7.8,12.33,9.95,118.71,13583.92,"Extant"
"259","Prioniturus_platurus","Psittacidae","Psittaciformes","Prioniturus_platurus",26.7,21.9,14.3,22.4,17.4,171.2,70.8,100.5,41.3,91.5,66.3,"Forest",1,1,"Herbivore","Frugivore","Insessorial",-5.71,4.55,-2.08,121.33,184161.11,"Extant"
"260","Prioniturus_verticalis","Psittacidae","Psittaciformes","Prioniturus_verticalis",26.1,23,13.5,20.8,17.5,166.5,68,98.5,40.9,89,45,"Forest",1,1,"Herbivore","Frugivore","Insessorial",5.05,5.35,5.2,120.06,621.55,"Extant"
"261","Prioniturus_waterstradti","Psittacidae","Psittaciformes","Prioniturus_waterstradti",22.9,19,11.6,19.9,16.4,151.5,64.6,86.9,42.6,88.3,119,"Forest",1,1,"Herbivore","Frugivore","Insessorial",5.81,8.91,7.34,125.07,11282.82,"Extant"
"262","Probosciger_aterrimus","Psittacidae","Psittaciformes","Probosciger_aterrimus",90.9,80.5,27.6,84.4,29.5,344.2,103.1,241.2,29.9,229.2,841,"Forest",2,1,"Herbivore","Omnivore","Insessorial",-14.61,0.04,-5.71,140.95,716105.09,"Extant"
"263","Prosopeia_personata","Psittacidae","Psittaciformes","Prosopeia_personata",36,26.8,16.8,34.4,27.1,232.2,68.4,161.1,29.8,221,40.3,"Forest",1,1,"Herbivore","Omnivore","Insessorial",-18.27,-17.31,-17.83,177.97,10448.85,"Extant"
"264","Prosopeia_splendens","Psittacidae","Psittaciformes","Prosopeia_splendens",36.3,26.3,17.5,33.2,24.9,220,70.7,147.1,32.5,204.6,232,"Forest",1,1,"Herbivore","Frugivore","Insessorial",-19.17,-18.87,-19.03,178.25,458.32,"Extant"
"265","Prosopeia_tabuensis","Psittacidae","Psittaciformes","Prosopeia_tabuensis",37.6,28.2,17.1,32.2,26.8,235.2,67.1,169.6,28.3,211.6,232,"Forest",1,1,"Herbivore","Frugivore","Insessorial",-18.12,-16.15,-16.66,158.98,6279.19,"Extant"
"266","Psephotus_chrysopterygius","Psittacidae","Psittaciformes","Psephotus_chrysopterygius",13.7,10.6,7.3,12.2,14.6,107.8,46.7,61.1,43.3,111,46.8,"Forest",2,1,"Herbivore","Granivore","Terrestrial",-17.03,-14.8,-15.62,143.47,2870.38,"Extant"
"267","Psephotus_dissimilis","Psittacidae","Psittaciformes","Psephotus_dissimilis",14.9,11.2,8.2,13.3,15.4,119.8,47.1,72.7,39.3,160.5,45.8,"Woodland",2,1,"Herbivore","Granivore","Terrestrial",-16.99,-12.95,-14.54,133.06,110733.69,"Extant"
"268","Psephotus_haematonotus","Psittacidae","Psittaciformes","Psephotus_haematonotus",15.5,12.1,8.2,14,15.8,128.6,56.9,71.1,44.5,151,61.4,"Woodland",2,1,"Herbivore","Granivore","Terrestrial",-38.91,-25.23,-31.71,145.11,1548738.74,"Extant"
"269","Psephotus_varius","Psittacidae","Psittaciformes","Psephotus_varius",15.3,11.6,8.8,14.1,16.5,134,56.4,77.6,42.1,158.3,61.5,"Grassland",3,1,"Herbivore","Granivore","Generalist",-36.86,-21.07,-28.79,131.89,3329382.06,"Extant"
"270","Pseudeos_fuscata","Psittacidae","Psittaciformes","Pseudeos_fuscata",23.7,19.9,12,20.1,18.8,151.6,77.8,74.2,51.1,77.4,149,"Forest",2,1,"Herbivore","Nectarivore","Insessorial",-10.7,-0.34,-5.35,140.87,766350.36,"Extant"
"271","Psilopsiagon_aurifrons","Psittacidae","Psittaciformes","Psilopsiagon_aurifrons",13.5,11.2,8,13.9,12.4,92.4,40.8,52,44,78.6,33.6,"Shrubland",2,1,"Herbivore","Omnivore","Generalist",-33.53,-7.34,-20.19,-69.18,947209.8,"Extant"
"272","Psilopsiagon_aymara","Psittacidae","Psittaciformes","Psilopsiagon_aymara",12.5,10.1,8.2,13.2,11.7,96.2,39.8,56,41.5,103,30,"Shrubland",2,1,"Herbivore","Omnivore","Insessorial",-33.3,-15.64,-24.98,-66.13,382901.13,"Extant"
"273","Psittacella_brehmii","Psittacidae","Psittaciformes","Psittacella_brehmii",20.6,17.8,12.5,17.7,17.7,121,35.8,84.8,29.7,88.4,107,"Forest",1,1,"Herbivore","Omnivore","Insessorial",-10.17,-0.54,-5.35,142.02,123546.51,"Extant"
"274","Psittacella_madaraszi","Psittacidae","Psittaciformes","Psittacella_madaraszi",15.5,12.9,9.1,13.8,14.3,87.4,27.2,58.2,31.9,51,38.8,"Forest",1,1,"Herbivore","Omnivore","Insessorial",-10.25,-2.97,-5.73,142.66,193283.6,"Extant"
"275","Psittacella_modesta","Psittacidae","Psittaciformes","Psittacella_modesta",14.8,12.5,8.4,13.5,13.3,93.2,28.5,64.8,30.6,57.5,44.7,"Shrubland",2,1,"Herbivore","Omnivore","Insessorial",-6.55,-0.58,-4.5,139.77,65123.27,"Extant"
"276","Psittacella_picta","Psittacidae","Psittaciformes","Psittacella_picta",15.6,13.5,10.1,14.3,16.2,111.1,32.1,78.6,28.9,77.4,62.9,"Forest",2,1,"Herbivore","Omnivore","Insessorial",-10.08,-3.4,-5.64,142.63,80613,"Extant"
"277","Psittacula_alexandri","Psittacidae","Psittaciformes","Psittacula_alexandri",27.7,25.2,15.6,24.6,14.2,163.9,86.3,78.6,52.3,163.8,147,"Forest",2,1,"Herbivore","Omnivore","Insessorial",-8.85,30.8,19.3,99.68,2572495.73,"Extant"
"278","Psittacula_calthropae","Psittacidae","Psittaciformes","Psittacula_calthropae",25.6,20.6,13.7,20.7,14.9,136,60.7,75.3,44.6,117.2,116.1,"Forest",2,1,"Herbivore","Frugivore","Insessorial",6.16,7.76,6.94,80.73,18931.97,"Extant"
"279","Psittacula_caniceps","Psittacidae","Psittaciformes","Psittacula_caniceps",34.9,28.8,16.4,26.2,21,212,92.3,121.7,43.1,331.4,224,"Forest",1,1,"Herbivore","Frugivore","Insessorial",6.75,7.44,7.06,93.79,1111.02,"Extant"
"280","Psittacula_columboides","Psittacidae","Psittaciformes","Psittacula_columboides",25.5,21.1,14.1,21.9,15.2,139,64.8,74.2,46.6,188.2,87,"Forest",2,1,"Herbivore","Omnivore","Insessorial",8.34,19.21,13.16,75.92,121366.21,"Extant"
"281","Psittacula_cyanocephala","Psittacidae","Psittaciformes","Psittacula_cyanocephala",21.4,17.6,11.6,17.1,12.5,127.1,64.6,62.5,50.8,197.1,66,"Forest",1,1,"Herbivore","Frugivore","Insessorial",5.92,33.45,21.73,78.9,2783564.24,"Extant"
"282","Psittacula_derbiana","Psittacidae","Psittaciformes","Psittacula_derbiana",38,31,17.7,36.5,19.3,212.8,106,106.8,49.8,248.8,251,"Forest",1,1,"Herbivore","Omnivore","Insessorial",21.99,30.94,28.04,97.99,332466.75,"Extant"
"283","Psittacula_eques","Psittacidae","Psittaciformes","Psittacula_eques",28,22.9,15.1,23,18.3,177.8,73.2,104.5,41.2,186.4,163,"Forest",1,1,"Herbivore","Frugivore","Insessorial",-20.49,-20.33,-20.41,57.47,68.35,"Extant"
"284","Psittacula_eupatria","Psittacidae","Psittaciformes","Psittacula_eupatria",37.6,34.3,20.8,37.9,18.4,209.9,112.8,98,53.4,289.2,214,"Forest",1,1,"Herbivore","Omnivore","Insessorial",5.92,35.23,21.89,87.11,3223422.66,"Extant"
"285","Psittacula_finschii","Psittacidae","Psittaciformes","Psittacula_finschii",25.6,21.4,13.7,20.8,15.9,150.4,79.8,70.7,53,222.6,89.6,"Forest",2,1,"Herbivore","Omnivore","Insessorial",10.32,28.16,20.39,99.59,1639893,"Extant"
"286","Psittacula_himalayana","Psittacidae","Psittaciformes","Psittacula_himalayana",24.2,19.5,13.1,21.2,15.6,154.6,72,78.2,47.6,143.8,108.5,"Woodland",2,1,"Herbivore","Omnivore","Insessorial",26.74,35.22,30.15,80,149148.55,"Extant"
"287","Psittacula_krameri","Psittacidae","Psittaciformes","Psittacula_krameri",25.4,22.7,14.4,20.8,13.8,155.8,75.3,82.2,47.7,215.2,116.1,"Forest",2,1,"Herbivore","Omnivore","Insessorial",3.6,34.92,17.19,46.52,7699517.78,"Extant"
"288","Psittacula_longicauda","Psittacidae","Psittaciformes","Psittacula_longicauda",26.7,21,12.9,22.7,15.7,146.8,67.3,75.7,47.1,192.6,107,"Forest",1,1,"Herbivore","Omnivore","Insessorial",-6.12,14.92,0.86,110.86,877581.6,"Extant"
"289","Psittacula_roseata","Psittacidae","Psittaciformes","Psittacula_roseata",22.7,17.4,11.6,17.6,13.8,137.8,70.2,68.1,50.8,156.2,66,"Forest",2,1,"Herbivore","Omnivore","Insessorial",8.56,28.82,18.45,100.6,1695557.84,"Extant"
"290","Psittaculirostris_desmarestii","Psittacidae","Psittaciformes","Psittaculirostris_desmarestii",24.7,20.1,13.8,21.4,16.6,109.1,44.3,64.3,40.8,55,117,"Forest",1,1,"Herbivore","Frugivore","Insessorial",-10.73,-0.34,-6.25,140.74,426346.1,"Extant"
"291","Psittaculirostris_edwardsii","Psittacidae","Psittaciformes","Psittaculirostris_edwardsii",24.2,19.3,14.1,20.6,15.7,105.8,45.4,60.4,42.9,57,118,"Forest",1,1,"Herbivore","Frugivore","Insessorial",-7.21,-2.4,-4.72,144.11,99151.91,"Extant"
"292","Psittaculirostris_salvadorii","Psittacidae","Psittaciformes","Psittaculirostris_salvadorii",23,17.1,11.3,20,16.4,110.7,43.8,66.8,39.6,68,118,"Forest",1,1,"Herbivore","Granivore","Insessorial",-3.63,-1.47,-2.61,138.29,50674.66,"Extant"
"293","Psittacus_erithacus","Psittacidae","Psittaciformes","Psittacus_erithacus",40.6,34,17,29.7,24.7,232.3,95.9,136.4,41.3,91,333,"Forest",1,1,"Herbivore","Omnivore","Insessorial",-6.95,11.89,0.61,16.35,2989007.27,"Extant"
"294","Psitteuteles_goldiei","Psittacidae","Psittaciformes","Psitteuteles_goldiei",16.8,13.4,7.5,12.2,13,106.8,56.9,49.9,53.3,77.5,58.7,"Forest",1,1,"Herbivore","Nectarivore","Insessorial",-10.55,-3.25,-5.95,142.94,307384.24,"Extant"
"295","Psitteuteles_iris","Psittacidae","Psittaciformes","Psitteuteles_iris",18.3,14.2,9.5,15.5,13.8,112.4,50.2,60.5,45.4,72.4,55.2,"Forest",1,1,"Herbivore","Nectarivore","Insessorial",-10.37,-7.56,-9.13,125.21,31218.7,"Extant"
"296","Psitteuteles_versicolor","Psittacidae","Psittaciformes","Psitteuteles_versicolor",16.5,12.3,8.2,13,12.7,111.4,58,53.8,51.9,61.4,53.5,"Woodland",2,1,"Herbivore","Nectarivore","Insessorial",-23.49,-11.12,-16.98,135.13,1214241.53,"Extant"
"297","Psittinus_cyanurus","Psittacidae","Psittaciformes","Psittinus_cyanurus",20.9,20.2,12.9,19.8,13.5,126.1,55.1,59.4,48.1,52.7,60.5,"Forest",1,1,"Herbivore","Omnivore","Insessorial",-5.95,10.94,1.09,108.2,1400374.66,"Extant"
"298","Psittrichas_fulgidus","Psittacidae","Psittaciformes","Psittrichas_fulgidus",42.1,35.8,15.3,25.3,27.4,283.6,90.5,190.2,32.2,165,865,"Forest",1,1,"Herbivore","Frugivore","Insessorial",-10.55,-1.21,-5.58,142.61,275735.64,"Extant"
"299","Purpureicephalus_spurius","Psittacidae","Psittaciformes","Purpureicephalus_spurius",24.2,20.5,9.2,20.6,20.4,154.5,62.8,91.8,40.6,190.8,116,"Forest",2,1,"Herbivore","Omnivore","Insessorial",-35.19,-31.05,-33.56,117.94,126268.75,"Extant"
"300","Pyrilia_aurantiocephala","Psittacidae","Psittaciformes","Pyrilia_aurantiocephala",22.2,18.5,10.4,16.9,14,153.7,41.8,111.9,27.3,69.1,151.5,"Forest",1,1,"Herbivore","Frugivore","Insessorial",-9.6,-2.42,-6.51,-56.33,351727.85,"Extant"
"301","Pyrilia_barrabandi","Psittacidae","Psittaciformes","Pyrilia_barrabandi",25.6,20.7,12.2,19.1,15.8,165.7,59,106.7,35.6,69.8,140,"Forest",1,1,"Herbivore","Omnivore","Insessorial",-15,7.54,-4.55,-67.41,3467636.9,"Extant"
"302","Pyrilia_caica","Psittacidae","Psittaciformes","Pyrilia_caica",26.4,19,12,18.2,14.7,146.2,55.5,90.8,38,65,132,"Forest",1,1,"Herbivore","Granivore","Insessorial",-3.14,8.19,2.63,-57.6,1290463.27,"Extant"
"303","Pyrilia_haematotis","Psittacidae","Psittaciformes","Pyrilia_haematotis",25.7,19,10.4,18.1,16.2,152.2,54.5,99.2,35.4,70.4,149,"Forest",1,1,"Herbivore","Omnivore","Insessorial",7.04,19.04,14.68,-87.5,430103.87,"Extant"
"304","Pyrilia_pulchra","Psittacidae","Psittaciformes","Pyrilia_pulchra",27,20,10.8,19.5,17.3,152.4,54.7,95.3,36.5,68,150,"Forest",1,1,"Herbivore","Frugivore","Insessorial",-3.6,6.82,2.28,-78.2,92646.19,"Extant"
"305","Pyrilia_pyrilia","Psittacidae","Psittaciformes","Pyrilia_pyrilia",24,17,10,15.6,14.1,143.4,58.2,83.5,41.1,70.2,149,"Forest",1,1,"Herbivore","Omnivore","Insessorial",0.56,10.84,7.59,-74.11,152700.71,"Extant"
"306","Pyrilia_vulturina","Psittacidae","Psittaciformes","Pyrilia_vulturina",25.4,18.9,10.3,16.8,14.9,149.8,52.8,97,35.2,68.2,151.5,"Forest",1,1,"Herbivore","Frugivore","Insessorial",-9.6,-0.58,-4.9,-53.27,886478.71,"Extant"
"307","Pyrrhura_albipectus","Psittacidae","Psittaciformes","Pyrrhura_albipectus",20.2,16.8,11.6,19.4,14.7,139.1,52.8,86.3,38,113.3,103.8,"Forest",1,1,"Herbivore","Frugivore","Insessorial",-5.24,-2.38,-3.98,-78.72,7882.39,"Extant"
"308","Pyrrhura_calliptera","Psittacidae","Psittaciformes","Pyrrhura_calliptera",24.6,18.2,11.6,19.1,12.8,134.5,52.7,81.8,39.2,112.2,75,"Forest",1,1,"Herbivore","Frugivore","Insessorial",4.22,7.42,4.69,-73.68,1022.08,"Extant"
"309","Pyrrhura_cruentata","Psittacidae","Psittaciformes","Pyrrhura_cruentata",22.8,19.1,12.1,22.7,15.7,147.4,59.5,88.5,40.2,130.6,75.9,"Forest",1,1,"Herbivore","Omnivore","Insessorial",-22.95,-12.37,-18.24,-40.6,10274.69,"Extant"
"310","Pyrrhura_devillei","Psittacidae","Psittaciformes","Pyrrhura_devillei",20.8,16.3,11.2,17,14.4,125,51.5,73.6,41.2,117.8,75.9,"Forest",2,1,"Herbivore","Omnivore","Insessorial",-22.56,-17.92,-20.57,-57.03,143503.09,"Extant"
"311","Pyrrhura_egregia","Psittacidae","Psittaciformes","Pyrrhura_egregia",21.6,16.7,10.7,18.9,14,130,53.2,77.8,40.7,116.6,66.3,"Forest",1,1,"Herbivore","Frugivore","Insessorial",4.55,6.41,5.54,-61.28,51342.2,"Extant"
"312","Pyrrhura_frontalis","Psittacidae","Psittaciformes","Pyrrhura_frontalis",22.8,17.2,11.8,18.4,12.2,132.5,53.4,79.1,40.3,127.5,72,"Forest",1,1,"Herbivore","Omnivore","Insessorial",-33.56,-9.48,-22.57,-48.65,1704534.47,"Extant"
"313","Pyrrhura_griseipectus","Psittacidae","Psittaciformes","Pyrrhura_griseipectus",16.8,13,9.2,15.5,11.9,110.6,43.8,66.8,39.6,110.6,75.9,"Forest",1,1,"Herbivore","Omnivore","Insessorial",-5.07,-4.07,-4.28,-38.91,686.2,"Extant"
"314","Pyrrhura_hoematotis","Psittacidae","Psittaciformes","Pyrrhura_hoematotis",18.2,15.5,9.6,18.8,13,125.2,52.8,72.5,42.1,111.5,68.7,"Forest",1,1,"Herbivore","Omnivore","Insessorial",9.65,10.56,10.26,-67.7,6303.91,"Extant"
"315","Pyrrhura_hoffmanni","Psittacidae","Psittaciformes","Pyrrhura_hoffmanni",19.3,16.2,11.4,19.3,13.2,128.5,52.5,76,40.9,104.8,82.2,"Forest",1,1,"Herbivore","Omnivore","Insessorial",8.48,9.86,9.24,-83.02,8001.11,"Extant"
"316","Pyrrhura_lepida","Psittacidae","Psittaciformes","Pyrrhura_lepida",20,15.6,10.2,16.2,13.1,123.8,48.4,75.4,39.1,112.2,75,"Forest",1,1,"Herbivore","Frugivore","Insessorial",-7.97,-0.11,-3.9,-48.94,548390.11,"Extant"
"317","Pyrrhura_leucotis","Psittacidae","Psittaciformes","Pyrrhura_leucotis",16.6,13.9,8.9,16.6,12.3,111.8,45.6,66.1,40.8,106.4,75.9,"Forest",1,1,"Herbivore","Omnivore","Insessorial",-23.08,11.22,-15.91,-44.19,306685.93,"Extant"
"318","Pyrrhura_melanura","Psittacidae","Psittaciformes","Pyrrhura_melanura",20.5,16.2,10.5,18.5,13.3,128.1,50.6,73.5,40.8,113.4,70.5,"Forest",1,1,"Herbivore","Frugivore","Insessorial",-11.01,5.85,-0.97,-70.69,1536094.39,"Extant"
"319","Pyrrhura_molinae","Psittacidae","Psittaciformes","Pyrrhura_molinae",19.2,16.6,11,18.9,14.4,133,51.4,82,38.5,139.1,77.1,"Woodland",2,1,"Herbivore","Frugivore","Insessorial",-27.54,-13.66,-17.59,-61.89,675243.93,"Extant"
"320","Pyrrhura_orcesi","Psittacidae","Psittaciformes","Pyrrhura_orcesi",18.2,15.5,11.2,18.1,13.4,119,43.6,75.4,36.6,101.8,70.8,"Forest",1,1,"Herbivore","Frugivore","Insessorial",-3.54,-2.69,-3.26,-79.58,744.67,"Extant"
"321","Pyrrhura_perlata","Psittacidae","Psittaciformes","Pyrrhura_perlata",20.2,17,11,17.5,13,130.1,36,94,27.7,103.6,75,"Forest",1,1,"Herbivore","Frugivore","Insessorial",-16.12,-2.48,-9.85,-58.91,1128815.89,"Extant"
"322","Pyrrhura_pfrimeri","Psittacidae","Psittaciformes","Pyrrhura_pfrimeri",17.4,14.9,10.3,16.2,11,118.4,39.3,79.1,33,116.7,75.9,"Forest",1,1,"Herbivore","Omnivore","Insessorial",-14.93,-11.86,-13.49,-46.66,7185.79,"Extant"
"323","Pyrrhura_picta","Psittacidae","Psittaciformes","Pyrrhura_picta",18.6,14.9,9.7,16.8,13,118.5,46.7,71.8,39.4,105.8,62.1,"Forest",1,1,"Herbivore","Frugivore","Insessorial",-16.71,11.18,-2.36,-61.81,2934508.29,"Extant"
"324","Pyrrhura_rhodocephala","Psittacidae","Psittaciformes","Pyrrhura_rhodocephala",20.6,16.4,10.2,18.1,11.9,130.8,50.4,82.1,38,105.8,75.9,"Forest",1,1,"Herbivore","Frugivore","Insessorial",7.95,9.79,8.7,-71.07,11585.27,"Extant"
"325","Pyrrhura_rupicola","Psittacidae","Psittaciformes","Pyrrhura_rupicola",19.6,16.5,11.2,17.9,13.2,124.1,46,78.1,37.1,117.7,75,"Forest",1,1,"Herbivore","Frugivore","Insessorial",-15.89,-8.18,-11.14,-70.11,545590.25,"Extant"
"326","Pyrrhura_viridicata","Psittacidae","Psittaciformes","Pyrrhura_viridicata",21.8,16.5,11.3,18.4,14.5,136.5,50.8,85.7,37.2,115.8,87.5,"Forest",1,1,"Herbivore","Frugivore","Insessorial",10.89,11.19,11.01,-73.76,459.42,"Extant"
"327","Rhynchopsitta_pachyrhyncha","Psittacidae","Psittaciformes","Rhynchopsitta_pachyrhyncha",43.4,38.5,19.8,42.9,19.7,269.6,128.5,143,47.3,178.9,324.8,"Forest",1,1,"Herbivore","Granivore","Insessorial",23.15,30.56,26.45,-106.96,596.01,"Extant"
"328","Rhynchopsitta_terrisi","Psittacidae","Psittaciformes","Rhynchopsitta_terrisi",43,38.1,18.2,45.2,23.4,282.8,133.1,149.7,47.1,191,442,"Forest",1,1,"Herbivore","Granivore","Insessorial",25.02,25.57,25.37,-100.42,1276.56,"Extant"
"329","Strigops_habroptila","Psittacidae","Psittaciformes","Strigops_habroptila",48.7,36.3,22.4,37.5,54.5,275.1,54.6,219.2,19.9,225.1,1732.1,"Forest",2,1,"Herbivore","Omnivore","Generalist",-46.79,-36.17,-41.55,170.89,57.25,"Extant"
"330","Tanygnathus_gramineus","Psittacidae","Psittaciformes","Tanygnathus_gramineus",37.9,32.6,19.7,35.3,22.7,264,103.7,160.3,39.3,158.5,237.3,"Forest",1,1,"Herbivore","Frugivore","Insessorial",-3.62,-3.13,-3.33,126.36,1363.4,"Extant"
"331","Tanygnathus_lucionensis","Psittacidae","Psittaciformes","Tanygnathus_lucionensis",33.3,30.6,18.6,31.8,20.5,181.8,80.2,101.5,44.2,113.8,215,"Forest",1,1,"Herbivore","Frugivore","Insessorial",1.77,18.65,11.72,122.9,290862.98,"Extant"
"332","Tanygnathus_megalorynchos","Psittacidae","Psittaciformes","Tanygnathus_megalorynchos",49.4,45.1,26.7,49.5,22.2,236.2,110,126.5,46.5,147.8,325,"Forest",1,1,"Herbivore","Frugivore","Insessorial",-10.94,4.55,-4.07,126.15,96725.71,"Extant"
"333","Tanygnathus_sumatranus","Psittacidae","Psittaciformes","Tanygnathus_sumatranus",33,29.7,18.7,31.3,21.1,201.2,81,120.2,40.2,118.8,269.6,"Forest",1,1,"Herbivore","Frugivore","Insessorial",-5.71,18.65,5.59,122.27,387284.95,"Extant"
"334","Touit_batavicus","Psittacidae","Psittaciformes","Touit_batavicus",18.8,16.6,8.3,13.7,12,115.6,56,60.2,48.1,50,55,"Forest",1,2,"Herbivore","Omnivore","Insessorial",2.76,11.35,5.65,-57.61,333487.33,"Extant"
"335","Touit_costaricensis","Psittacidae","Psittaciformes","Touit_costaricensis",22.1,17.4,10.8,16,11.4,114.2,49.2,64.9,43.1,41.2,80,"Forest",1,1,"Herbivore","Frugivore","Insessorial",8.56,10.48,9.55,-83.37,9984.12,"Extant"
"336","Touit_dilectissimus","Psittacidae","Psittaciformes","Touit_dilectissimus",20.2,17,8.7,11.1,11.2,109,45.8,63.2,42,43.3,65,"Forest",1,1,"Herbivore","Frugivore","Insessorial",-3.65,11,3.24,-77.34,132570.47,"Extant"
"337","Touit_huetii","Psittacidae","Psittaciformes","Touit_huetii",18.2,15.4,9.2,13.8,9.9,111.2,46.1,65.1,41.4,50.4,60,"Forest",1,1,"Herbivore","Frugivore","Insessorial",-14.11,10.69,-4.77,-61.57,3167705.16,"Extant"
"338","Touit_melanonotus","Psittacidae","Psittaciformes","Touit_melanonotus",18.9,14.3,8.8,13.3,10.2,107.5,45.1,62.4,42,41.8,66.5,"Forest",1,2,"Herbivore","Frugivore","Insessorial",-25.21,-14.37,-22.92,-44.66,14296.54,"Extant"
"339","Touit_purpuratus","Psittacidae","Psittaciformes","Touit_purpuratus",20.3,16.8,7.8,13.8,13.8,106.1,45.7,59.4,43.6,45.2,59.7,"Forest",1,2,"Herbivore","Frugivore","Insessorial",-10.07,8.49,-0.92,-60.92,3821297.27,"Extant"
"340","Touit_stictopterus","Psittacidae","Psittaciformes","Touit_stictopterus",20.9,16.5,10,15.6,12,121.8,50,71.8,41,55.8,78.8,"Forest",1,2,"Herbivore","Omnivore","Insessorial",-6.33,0.13,-3.34,-78.33,32941.14,"Extant"
"341","Touit_surdus","Psittacidae","Psittaciformes","Touit_surdus",18.9,15.6,9.7,15,10.4,116.8,48,69.7,40.9,46.8,51,"Forest",1,2,"Herbivore","Frugivore","Insessorial",-25.47,-2.89,-16.07,-40.97,98992.48,"Extant"
"342","Trichoglossus_chlorolepidotus","Psittacidae","Psittaciformes","Trichoglossus_chlorolepidotus",19.2,16.3,10.1,16.4,14.6,128.3,66.1,62.6,51.4,95.2,87.1,"Woodland",2,1,"Herbivore","Nectarivore","Insessorial",-36.77,-10.69,-24.16,148.07,1066541.06,"Extant"
"343","Trichoglossus_euteles","Psittacidae","Psittaciformes","Trichoglossus_euteles",18.4,15.3,9.7,15.8,16.3,126.2,62.8,63.5,49.7,100.6,73.7,"Forest",1,1,"Herbivore","Nectarivore","Insessorial",-10.37,-6.72,-8.98,125.22,37893.11,"Extant"
"344","Trichoglossus_flavoviridis","Psittacidae","Psittaciformes","Trichoglossus_flavoviridis",19.6,15.5,9.1,14.6,13.2,110.6,52,58.6,46.7,71.8,90.5,"Forest",1,1,"Herbivore","Omnivore","Insessorial",-5.5,1.4,-1.75,121.09,77879.77,"Extant"
"345","Trichoglossus_haematodus","Psittacidae","Psittaciformes","Trichoglossus_haematodus",22.6,19,11.3,19.2,17.9,139.5,67,74,47.5,111.7,113.3,"Forest",1,1,"Herbivore","Omnivore","Insessorial",-39.14,0.04,-18,140.92,3345071.47,"Extant"
"346","Trichoglossus_johnstoniae","Psittacidae","Psittaciformes","Trichoglossus_johnstoniae",17.1,14.2,8.8,14.3,14.4,106.1,46,60.1,43.3,66.3,55.2,"Forest",1,1,"Herbivore","Nectarivore","Insessorial",5.81,8.91,7.32,124.74,8694.55,"Extant"
"347","Trichoglossus_ornatus","Psittacidae","Psittaciformes","Trichoglossus_ornatus",23.2,18.8,10.7,18,17.4,125,60,66.5,47.4,79.2,120,"Forest",1,1,"Herbivore","Nectarivore","Insessorial",-5.71,1.76,-2.13,121.18,172993.28,"Extant"
"348","Trichoglossus_rubiginosus","Psittacidae","Psittaciformes","Trichoglossus_rubiginosus",21.9,18.7,10.8,17.7,17.1,141.2,61.5,79.7,43.5,93,77.5,"Forest",1,1,"Herbivore","Nectarivore","Insessorial",6.72,7.01,6.88,158.22,355.65,"Extant"
"349","Triclaria_malachitacea","Psittacidae","Psittaciformes","Triclaria_malachitacea",29.9,23.2,13.7,23.6,15.6,159.8,48.5,110.6,30.5,116,90,"Forest",1,1,"Herbivore","Omnivore","Insessorial",-29.84,-19.8,-27.08,-49.68,30242.84,"Extant"
"350","Vini_australis","Psittacidae","Psittaciformes","Vini_australis",15.9,11.3,6.5,10.2,14,99.2,48.7,48.3,50.4,61.4,49.5,"Forest",2,1,"Herbivore","Nectarivore","Insessorial",-20.68,-13.43,-14.66,-172.41,3674.17,"Extant"
"351","Vini_kuhlii","Psittacidae","Psittaciformes","Vini_kuhlii",16.8,11.8,6.9,10.2,17.6,118.2,55.3,62.9,46.8,63.2,40,"Forest",2,1,"Herbivore","Herbivore terrestrial","Insessorial",-22.66,-19.97,-20.59,-156.92,37.9,"Extant"
"352","Vini_peruviana","Psittacidae","Psittaciformes","Vini_peruviana",14.2,10,6.6,8.9,14.2,107.6,49.1,56.9,46.4,66.6,29,"Woodland",2,1,"Herbivore","Nectarivore","Insessorial",-16.57,-14.9,-15.3,-148.17,58.62,"Extant"
"353","Vini_stepheni","Psittacidae","Psittaciformes","Vini_stepheni",15,11.3,7.2,10.4,17.1,121.2,52,69.2,42.9,84.4,55,"Forest",1,1,"Herbivore","Omnivore","Insessorial",-24.41,-24.32,-24.36,-128.32,41.11,"Extant"
"354","Vini_ultramarina","Psittacidae","Psittaciformes","Vini_ultramarina",14.2,10.1,7.2,9.7,15.8,111,48.9,63.4,43.6,62.8,40,"Forest",1,1,"Herbivore","Omnivore","Insessorial",-8.96,-8.87,-8.91,-139.55,81.42,"Extant"
