Phylo,Family,Order,Scientific_name,Beak.Length_Culmen,Beak.Length_Nares,Beak.Width,Beak.Depth,Tarsus.Length,Wing.Length,Kipps.Distance,Secondary1,Hand-Wing.Index,Tail.Length,Mass,Habitat,Habitat.Density,Migration,Trophic.Level,Trophic.Niche,Primary.Lifestyle,Min.Latitude,Max.Latitude,Centroid.Latitude,Centroid.Longitude,Range.Size,Species.Status
Colluricincla_boweri,Colluricinclidae,Passeriformes,Colluricincla boweri,26,14.8,6.8,8.1,29.2,103.1,18.9,84.1,18.3,78.8,43.8,Forest,1,1,Carnivore,Invertivore,Insessorial,-19.77,-14.78,-17.33,145.68,30983.14,Extant
Colluricincla_harmonica,Colluricinclidae,Passeriformes,Colluricincla harmonica,26.4,14.6,5.5,7.9,31.1,123.2,23.9,100.5,19.2,102.1,65.8,Forest,2,1,Carnivore,Invertivore,Insessorial,-43.64,-3.46,-25.55,135.15,6919512.58,Extant
Colluricincla_megarhyncha,Colluricinclidae,Passeriformes,Colluricincla megarhyncha,23,13.2,5.3,6.6,25.8,93.1,14.3,81.3,14.9,74.1,32.3,Forest,1,1,Carnivore,Invertivore,Insessorial,-32.5,0.04,-10.03,141.11,1204726.42,Extant
Colluricincla_sanghirensis,Colluricinclidae,Passeriformes,Colluricincla sanghirensis,23.8,12.9,5.7,6.4,23.8,91.8,15.5,76.2,17,78.6,32.3,Forest,1,1,Carnivore,Invertivore,Insessorial,3.49,3.53,3.51,125.55,5.29,Extant
Colluricincla_tenebrosa,Colluricinclidae,Passeriformes,Colluricincla tenebrosa,23.4,13.7,5.3,6.8,30.9,96.3,17,79.3,17.7,73.3,46,Forest,1,1,Carnivore,Invertivore,Insessorial,6.89,8.09,7.45,134.54,456.67,Extant
Colluricincla_umbrina,Colluricinclidae,Passeriformes,Colluricincla umbrina,23.8,12.7,6.7,7.3,31.4,95.8,12.5,83.3,12.7,76.4,46,Forest,1,1,Carnivore,Invertivore,Insessorial,-5.63,-3.08,-4.23,138.87,40629.61,Extant
Colluricincla_woodwardi,Colluricinclidae,Passeriformes,Colluricincla woodwardi,29.9,16.7,5.8,7.2,29.9,123.2,17.4,107.1,13.9,112.1,54.5,Rock,2,1,Carnivore,Invertivore,Terrestrial,-20.07,-11.46,-16.13,131.18,549567.85,Extant
Oreoica_gutturalis,Colluricinclidae,Passeriformes,Oreoica gutturalis,20.3,11.4,5.9,7.8,27.2,101.2,24.3,76.2,24.2,78.3,62.8,Shrubland,2,1,Carnivore,Invertivore,Terrestrial,-37.5,-15.12,-27,133,4957954.29,Extant
Pitohui_cristatus,Colluricinclidae,Passeriformes,Pitohui cristatus,25.4,14.3,5.7,9.6,36.8,114.8,17.3,97.4,15.1,79.8,79,Forest,1,1,Carnivore,Invertivore,Terrestrial,-9.99,-0.4,-3.98,139.15,152938.38,Extant
Pitohui_dichrous,Colluricinclidae,Passeriformes,Pitohui dichrous,28.8,17.3,7.5,8.4,31.2,108.2,14.1,92.2,13.2,96.9,92.9,Forest,1,1,Herbivore,Frugivore,Insessorial,-10.65,-0.38,-5.13,141.59,224365.73,Extant
Pitohui_ferrugineus,Colluricinclidae,Passeriformes,Pitohui ferrugineus,29.1,17.6,8.3,9.4,36.2,134.1,21.2,113.8,15.6,109.5,93.9,Forest,1,1,Omnivore,Omnivore,Insessorial,-10.73,-0.01,-5.32,140.91,614817.29,Extant
Pitohui_incertus,Colluricinclidae,Passeriformes,Pitohui incertus,23.5,14.4,6.6,8.6,30.5,111.6,13.7,97.9,12.2,93,75,Forest,1,1,Omnivore,Omnivore,Insessorial,-6.13,-4.92,-5.33,139.5,606.03,Extant
Pitohui_kirhocephalus,Colluricinclidae,Passeriformes,Pitohui kirhocephalus,30.3,18.8,8.2,9.1,33.3,117.6,13,104.8,10.9,103.8,72,Forest,2,1,Omnivore,Invertivore,Insessorial,-10.7,-0.01,-4.36,139.45,487398.82,Extant
Pitohui_nigrescens,Colluricinclidae,Passeriformes,Pitohui nigrescens,29.8,15.7,8.6,9.6,31.1,122.4,19,103.4,15.5,104,76.9,Forest,1,1,Omnivore,Omnivore,Insessorial,-10.11,-0.56,-5.24,141.79,131590.72,Extant
Conopophaga_ardesiaca,Conopophagidae,Passeriformes,Conopophaga ardesiaca,17.5,9,5.7,4.3,30.3,70.8,9.8,61.4,13.9,45.2,26.3,Forest,1,1,Carnivore,Invertivore,Insessorial,-22.34,-12.44,-16.59,-66.99,100334.39,Extant
Conopophaga_aurita,Conopophagidae,Passeriformes,Conopophaga aurita,15.6,9.3,5.8,4.4,27.2,67.7,9.6,58,14.2,32.5,26.3,Forest,1,1,Carnivore,Invertivore,Insessorial,-11.46,7.43,-3.08,-62.26,3387968.7,Extant
Conopophaga_castaneiceps,Conopophagidae,Passeriformes,Conopophaga castaneiceps,20.9,9.6,5.9,4.4,29.1,74.4,8.8,65.4,11.8,42.1,27,Forest,1,1,Carnivore,Invertivore,Insessorial,-12.58,8.04,-2.03,-76.24,160640.32,Extant
Conopophaga_cearae,Conopophagidae,Passeriformes,Conopophaga cearae,15.2,9.6,5.2,4.6,26.9,69.6,6.3,65.5,8.8,43,22,Forest,1,1,Carnivore,Invertivore,Insessorial,-9.55,-4,-7.65,-35.9,58582.69,Extant
Conopophaga_lineata,Conopophagidae,Passeriformes,Conopophaga lineata,16.4,8.9,4.9,4,28.1,70,7.8,62.6,11,45.3,25.2,Forest,1,1,Carnivore,Invertivore,Insessorial,-32.41,-12.65,-21.94,-48.84,1896972.3,Extant
Conopophaga_melanogaster,Conopophagidae,Passeriformes,Conopophaga melanogaster,20.4,11.4,6.2,5.2,32.7,79.2,9.3,70.4,11.8,41.2,42.5,Forest,1,1,Carnivore,Invertivore,Insessorial,-15.14,-2.02,-7.84,-59.33,911253.95,Extant
Conopophaga_melanops,Conopophagidae,Passeriformes,Conopophaga melanops,16,9.9,5.6,4.9,25.5,65.2,8.6,55.4,13.4,28.3,20.1,Forest,1,1,Carnivore,Invertivore,Insessorial,-27.01,-6.6,-18.32,-41.2,242500.41,Extant
Conopophaga_peruviana,Conopophagidae,Passeriformes,Conopophaga peruviana,17.7,9.9,6.2,4.5,25.6,65.6,11.2,54.7,17.1,30.8,23,Forest,1,1,Carnivore,Invertivore,Insessorial,-13.73,-0.54,-7.11,-71.84,1098743.55,Extant
Conopophaga_roberti,Conopophagidae,Passeriformes,Conopophaga roberti,16.3,9.4,5.7,4.2,26.8,69.9,7.1,62.2,10.2,35.9,20.8,Forest,1,1,Carnivore,Invertivore,Insessorial,-9.26,-0.58,-4.87,-45.11,686966.07,Extant
Corcorax_melanorhamphos,Corcoracidae,Passeriformes,Corcorax melanorhamphos,49.3,33.6,9.2,11.9,61.5,244.9,55.8,192.2,22.6,203.3,364,Woodland,2,1,Omnivore,Omnivore,Terrestrial,-39.24,-18.62,-30.38,146.06,1979313.45,Extant
Struthidea_cinerea,Corcoracidae,Passeriformes,Struthidea cinerea,25.1,13.3,7.7,11.4,39,146.6,24.3,124.7,16.3,153.5,132,Shrubland,2,1,Omnivore,Omnivore,Terrestrial,-37,-13.74,-25.83,144.51,2500913.56,Extant
Aphelocoma_californica,Corvidae,Passeriformes,Aphelocoma californica,32.1,19.7,8.8,9.3,40.6,124.5,17.9,106.2,14.4,135,85.7,Shrubland,2,1,Omnivore,Omnivore,Terrestrial,16.16,46.82,34.81,-110.69,2322710.64,Extant
Aphelocoma_coerulescens,Corvidae,Passeriformes,Aphelocoma coerulescens,30,17.7,9.1,9.1,37.8,116.7,20.6,96.2,17.5,140.5,77.1,Shrubland,2,1,Omnivore,Omnivore,Insessorial,26.47,29.57,28.13,-81.41,6933.22,Extant
Aphelocoma_insularis,Corvidae,Passeriformes,Aphelocoma insularis,38.4,23.8,9.7,10.9,46.5,137.7,18.2,118.5,13.3,151.8,115.8,Shrubland,2,1,Omnivore,Omnivore,Insessorial,33.96,34.08,34.02,-119.74,254.24,Extant
Aphelocoma_ultramarina,Corvidae,Passeriformes,Aphelocoma ultramarina,32,19.5,8.7,9.9,42.3,164.9,29.5,134.8,17.9,145.4,113.3,Forest,2,1,Omnivore,Omnivore,Generalist,18.73,35.18,26.21,-104.82,572027.38,Extant
Aphelocoma_unicolor,Corvidae,Passeriformes,Aphelocoma unicolor,35,19.8,10.6,10.9,42.6,168.9,31.3,136.8,18.6,153.7,124,Forest,1,1,Omnivore,Omnivore,Insessorial,13.46,21.11,16.23,-92.35,149103.75,Extant
Calocitta_colliei,Corvidae,Passeriformes,Calocitta colliei,43.5,27,12.2,14.2,47.6,208.8,37.4,170.9,17.9,452.9,234,Woodland,2,1,Omnivore,Omnivore,Insessorial,19.07,29.54,23.9,-106.33,158921.03,Extant
Calocitta_formosa,Corvidae,Passeriformes,Calocitta formosa,40.7,26.2,12.8,14.4,46.9,194.6,35.1,159.2,18.1,309.1,210,Woodland,2,1,Omnivore,Omnivore,Insessorial,9.06,20.19,15.63,-93.67,293348.65,Extant
Cissa_chinensis,Corvidae,Passeriformes,Cissa chinensis,39.9,24.2,11.7,14.1,44.2,145.8,12.4,133.9,8.4,186.5,126.6,Forest,1,1,Carnivore,Omnivore,Generalist,-5.56,30.06,19.06,99.9,2108736.38,Extant
Cissa_hypoleuca,Corvidae,Passeriformes,Cissa hypoleuca,38.9,24.5,9.5,15.3,44.3,144.4,10.3,134.1,7.2,144.9,125,Forest,1,1,Carnivore,Omnivore,Generalist,8.56,32.15,20.34,106.68,890296.66,Extant
Cissa_thalassina,Corvidae,Passeriformes,Cissa thalassina,36.7,23.3,11.4,14,41.9,136.5,11.6,124.5,8.5,115.3,125,Forest,1,1,Carnivore,Invertivore,Generalist,-7.7,6.3,-0.03,113.28,111911.77,Extant
Corvus_albicollis,Corvidae,Passeriformes,Corvus albicollis,65.9,42.4,19.6,34,75.2,417.1,164.6,250.6,39.6,165.6,894,Rock,3,2,Omnivore,Omnivore,Terrestrial,-34.84,2.4,-17.3,30.73,1615598.28,Extant
Corvus_albus,Corvidae,Passeriformes,Corvus albus,60.4,38.5,15.6,20.6,61.5,353.3,147.9,205.3,41.9,177.2,524,Shrubland,3,2,Carnivore,Omnivore,Terrestrial,-34.84,24.93,-2.98,21.16,19544750.22,Extant
Corvus_bennetti,Corvidae,Passeriformes,Corvus bennetti,50.7,32,13.4,16.6,55.4,313.5,129.5,184.9,41.1,173.3,389,Shrubland,2,1,Omnivore,Omnivore,Generalist,-36.03,-14.76,-25.69,131.69,5681813.47,Extant
Corvus_brachyrhynchos,Corvidae,Passeriformes,Corvus brachyrhynchos,51.1,35.4,14.7,17.7,59.3,309.6,109.1,199.9,35.3,177.3,448.8,Human Modified,2,2,Omnivore,Omnivore,Terrestrial,24.53,63.75,46.23,-97.42,11573830.54,Extant
Corvus_capensis,Corvidae,Passeriformes,Corvus capensis,62.9,46.5,14.5,16,65.6,322.2,114.5,209.2,35.4,164.7,553,Grassland,3,2,Omnivore,Omnivore,Terrestrial,-34.84,16.79,-16.5,25.35,4036026.48,Extant
Corvus_caurinus,Corvidae,Passeriformes,Corvus caurinus,48.8,31,13.2,15.9,50.7,277.5,104.7,172.6,37.8,156.9,390.8,Coastal,3,2,Omnivore,Omnivore,Terrestrial,46.22,61.54,54.81,-133.88,396973.08,Extant
Corvus_corax,Corvidae,Passeriformes,Corvus corax,77,49.2,21.9,27.9,67.1,419.7,167.2,252.7,39.8,228.7,928,Forest,3,2,Omnivore,Omnivore,Terrestrial,12.76,83.11,54.65,18.59,52288449.5,Extant
Corvus_corone,Corvidae,Passeriformes,Corvus corone,55,35.9,15.1,18.5,59.4,323.9,119.6,204.6,36.9,179.6,570,Human Modified,3,1,Carnivore,Omnivore,Terrestrial,22.23,71.19,52.96,78.23,33343165.09,Extant
Corvus_coronoides,Corvidae,Passeriformes,Corvus coronoides,61.1,39.8,16.2,20.1,63.6,356.1,147.8,211.6,41.1,198.7,644.3,Shrubland,2,1,Omnivore,Omnivore,Generalist,-39.24,-12.68,-27.75,138.57,4803477.78,Extant
Corvus_crassirostris,Corvidae,Passeriformes,Corvus crassirostris,83.2,56.7,24.3,41.1,78.9,446.9,181.3,265,40.6,228.1,1135,Rock,3,1,Carnivore,Omnivore,Terrestrial,3.67,16.58,9.52,38.34,759238.98,Extant
Corvus_cryptoleucus,Corvidae,Passeriformes,Corvus cryptoleucus,55.8,34.3,17.2,20.1,59.5,351.1,146.7,204.4,41.7,181.5,533.5,Grassland,3,1,Carnivore,Omnivore,Terrestrial,20.83,38.76,29.63,-103.06,1195845.67,Extant
Corvus_dauuricus,Corvidae,Passeriformes,Corvus dauuricus,34.6,20.3,11,12.8,44.1,232.3,87.8,144.5,37.8,128.6,208,Grassland,3,2,Omnivore,Omnivore,Terrestrial,24.37,53.48,41.79,113.35,6025004.51,Extant
Corvus_edithae,Corvidae,Passeriformes,Corvus edithae,52.5,30.9,14.3,18.7,57.7,338.5,138.1,198.2,41,168.6,524,Desert,3,1,Carnivore,Omnivore,Terrestrial,1.33,15.5,6.95,42.04,1179817.28,Extant
Corvus_enca,Corvidae,Passeriformes,Corvus enca,54.5,36.7,15.3,18.7,48.5,265.2,86.8,179.5,32.3,137.8,251,Forest,1,1,Omnivore,Omnivore,Insessorial,-8.85,19.58,1.18,113.23,1656902.54,Extant
Corvus_florensis,Corvidae,Passeriformes,Corvus florensis,51.5,30.2,12.5,16.5,48.3,226,57.6,168.4,25.5,160,175,Forest,1,1,Omnivore,Omnivore,Insessorial,-8.96,-8.23,-8.61,120.62,9095.62,Extant
Corvus_frugilegus,Corvidae,Passeriformes,Corvus frugilegus,59.5,39.1,14.8,18.3,55.7,312.3,127.8,184.2,41,166.8,452.1,Grassland,3,1,Omnivore,Omnivore,Terrestrial,28.08,66.07,50.24,76.75,19019081.22,Extant
Corvus_fuscicapillus,Corvidae,Passeriformes,Corvus fuscicapillus,74.6,52.1,18.2,26.6,56.5,335.9,103.2,232.8,30.7,191.1,635,Forest,1,1,Herbivore,Frugivore,Insessorial,-7.09,0.04,-3.48,135.39,18445.52,Extant
Corvus_hawaiiensis,Corvidae,Passeriformes,Corvus hawaiiensis,59.3,38.3,18.8,24.7,66.6,315.4,96.4,219,30.5,195.3,518.8,Forest,1,1,Omnivore,Omnivore,Insessorial,NA,NA,NA,NA,NA,Extant
Corvus_imparatus,Corvidae,Passeriformes,Corvus imparatus,41.9,26.3,12.7,13,39.6,238.7,84.8,153.7,35.7,143.2,221,Shrubland,2,1,Omnivore,Omnivore,Terrestrial,21.01,26.29,23.69,-98.62,99924.43,Extant
Corvus_jamaicensis,Corvidae,Passeriformes,Corvus jamaicensis,47.9,32.1,13.9,16.6,46.5,227.7,66.4,161.3,29.2,137,338,Forest,2,1,Omnivore,Omnivore,Insessorial,17.7,18.53,18.16,-77.31,11021.79,Extant
Corvus_kubaryi,Corvidae,Passeriformes,Corvus kubaryi,55.2,37.7,13.3,18.3,52.5,226.4,63,170.3,27,157.6,249.9,Forest,1,1,Omnivore,Omnivore,Insessorial,14.11,14.2,14.16,145.22,92.35,Extant
Corvus_leucognaphalus,Corvidae,Passeriformes,Corvus leucognaphalus,60.7,41,16.8,20.9,54.9,304.3,107.2,197.1,35.2,191.6,401,Forest,1,1,Omnivore,Omnivore,Insessorial,17.47,19.44,18.75,-71.16,8280.85,Extant
Corvus_levaillantii,Corvidae,Passeriformes,Corvus levaillantii,60.5,40.1,17.6,21.8,55.8,308.4,108.5,200.7,35,174.4,513.1,Woodland,2,1,Omnivore,Omnivore,Generalist,5.92,33.6,22.96,87.6,4386761.18,Extant
Corvus_macrorhynchos,Corvidae,Passeriformes,Corvus macrorhynchos,63.6,44.1,17.3,22,58.3,329.3,114.1,215.2,34.6,192.1,513.1,Woodland,2,1,Omnivore,Omnivore,Generalist,-10.74,55.35,30.88,113.14,10555052.47,Extant
Corvus_meeki,Corvidae,Passeriformes,Corvus meeki,70.1,48.6,18.5,24.1,55.8,288.6,86.9,201.7,30,135.7,467,NA,1,1,Omnivore,Omnivore,Insessorial,-7.43,-5.01,-6.2,155.28,9689.88,Extant
Corvus_mellori,Corvidae,Passeriformes,Corvus mellori,55.4,36.2,13.6,17.9,59,330.8,130.4,199.4,39.5,184.7,540.4,Shrubland,2,1,Omnivore,Omnivore,Generalist,-40.48,-28.51,-33.29,143.8,1353458.96,Extant
Corvus_minutus,Corvidae,Passeriformes,Corvus minutus,45.5,31.5,11.6,16.6,50.4,241.8,83.8,158,34.6,141.5,287.8,Forest,2,1,Omnivore,Omnivore,Insessorial,NA,NA,NA,NA,NA,Extant
Corvus_monedula,Corvidae,Passeriformes,Corvus monedula,35.2,21.4,11.2,13.3,43.3,231.1,90.5,141.3,39.1,122.4,246,Human Modified,3,2,Omnivore,Omnivore,Terrestrial,30.35,67.35,48.54,45.36,13975046.48,Extant
Corvus_moneduloides,Corvidae,Passeriformes,Corvus moneduloides,43.5,28.4,11.9,17.1,47.1,238.1,54.7,183.4,23,164.6,277.4,Woodland,2,1,Omnivore,Omnivore,Generalist,-22.4,-20.09,-21.33,165.48,16389.59,Extant
Corvus_nasicus,Corvidae,Passeriformes,Corvus nasicus,58,40,13.8,18.8,52.2,271.5,95.6,175.1,35.3,162,401,Forest,2,1,Omnivore,Omnivore,Insessorial,19.83,22.66,21.23,-78.12,28429.7,Extant
Corvus_orru,Corvidae,Passeriformes,Corvus orru,60,41.1,16.7,20,55.5,321.1,117.4,198.8,37.1,161,508,Forest,2,1,Omnivore,Omnivore,Generalist,-33.75,2.64,-19.31,134.89,5438982.3,Extant
Corvus_ossifragus,Corvidae,Passeriformes,Corvus ossifragus,43.3,27.2,13.8,14.8,47.1,276.7,100.6,176.2,36.3,157.1,284.6,Coastal,3,1,Omnivore,Omnivore,Terrestrial,24.53,44.92,33.75,-84.16,970986.53,Extant
Corvus_palmarum,Corvidae,Passeriformes,Corvus palmarum,50.6,31.2,12.2,16.2,50,245.2,82.6,161.9,33.8,143.4,289,Forest,2,1,Omnivore,Omnivore,Insessorial,NA,NA,NA,NA,NA,Extant
Corvus_rhipidurus,Corvidae,Passeriformes,Corvus rhipidurus,56.4,34.5,16.4,21.9,62,373.1,131.8,241.2,35.4,149.1,611,Grassland,3,1,Omnivore,Omnivore,Terrestrial,-1.05,32.34,13.86,37.62,2756382.95,Extant
Corvus_ruficollis,Corvidae,Passeriformes,Corvus ruficollis,67.7,41.5,17.1,22,66.1,385.5,177.4,207.2,45.7,191.8,573.5,Desert,3,1,Omnivore,Omnivore,Terrestrial,11.76,47.08,25.01,24.06,12915376.88,Extant
Corvus_sinaloae,Corvidae,Passeriformes,Corvus sinaloae,43.5,28.8,12.3,13.1,40.6,248.4,89,159.5,35.9,152.6,244,Forest,2,1,Omnivore,Omnivore,Generalist,20.71,28.08,24.72,-106.93,95101.34,Extant
Corvus_splendens,Corvidae,Passeriformes,Corvus splendens,49.7,31.5,13.9,16.7,45.9,258.2,93.8,163.9,36.3,151.9,292.6,Human Modified,3,1,Omnivore,Omnivore,Terrestrial,5.92,35.52,23.16,80.57,4469957.42,Extant
Corvus_tasmanicus,Corvidae,Passeriformes,Corvus tasmanicus,63,40.5,15.4,19.2,61.9,344.4,134.1,211.7,38.8,190.3,676.3,Woodland,2,1,Omnivore,Omnivore,Generalist,-43.64,-28.71,-36.48,146.37,374479.03,Extant
Corvus_torquatus,Corvidae,Passeriformes,Corvus torquatus,57,34.6,15.5,18.5,60.9,318,111.4,204.6,35.1,177.3,470.5,Shrubland,3,1,Omnivore,Omnivore,Terrestrial,18.1,40.82,29.49,113.94,2074732.63,Extant
Corvus_tristis,Corvidae,Passeriformes,Corvus tristis,65,43.2,19.2,24,56.4,324.7,98.6,224.9,30.4,234.4,635,Forest,1,1,Omnivore,Frugivore,Insessorial,-10.7,-0.34,-5.27,140.93,693202.25,Extant
Corvus_typicus,Corvidae,Passeriformes,Corvus typicus,45.8,28.5,13.7,16.9,42.6,207,57,149.9,27.5,110.2,175,Forest,1,1,Carnivore,Invertivore,Insessorial,-5.7,-1.09,-3.18,120.87,104370.92,Extant
Corvus_unicolor,Corvidae,Passeriformes,Corvus unicolor,46.4,30.5,14.2,16.9,43.8,201.2,60.1,141.2,29.9,104,175,Forest,1,1,Omnivore,Omnivore,Insessorial,-1.44,-1.24,-1.28,122.97,137.99,Extant
Corvus_validus,Corvidae,Passeriformes,Corvus validus,76.4,53.4,18,23.4,56.2,335.4,126.4,209,37.6,166.3,300,Forest,1,1,Herbivore,Frugivore,Insessorial,-1.74,2.65,0.64,127.98,24724.98,Extant
Corvus_woodfordi,Corvidae,Passeriformes,Corvus woodfordi,63.2,45.2,18.1,23.7,50.9,271.3,83.7,188.1,30.6,132.1,467,Forest,1,1,Omnivore,Omnivore,Insessorial,-9.95,-6.59,-8.45,159.03,13034.76,Extant
Crypsirina_cucullata,Corvidae,Passeriformes,Crypsirina cucullata,22,13.4,7.9,10.2,26.9,107.5,15.8,91.8,14.7,175.7,132.5,Forest,1,1,Carnivore,Invertivore,Insessorial,17.97,25.43,21.18,95.37,112222.33,Extant
Crypsirina_temia,Corvidae,Passeriformes,Crypsirina temia,28.2,19.2,9.8,11.8,27.7,117.5,14.7,102.6,12.5,178.9,129.5,Forest,1,1,Omnivore,Omnivore,Insessorial,-8.85,22.51,14.19,103.52,1282466.77,Extant
Cyanocitta_cristata,Corvidae,Passeriformes,Cyanocitta cristata,29.9,18.6,10.1,8.9,34.7,130,22.9,108.3,17.4,121.4,88,Woodland,2,1,Omnivore,Omnivore,Terrestrial,24.53,56.76,43.18,-90.29,6665383.16,Extant
Cyanocitta_stelleri,Corvidae,Passeriformes,Cyanocitta stelleri,33.7,21.1,10.2,9.5,43,145.8,20,125.8,13.6,133.2,128,Forest,1,1,Omnivore,Omnivore,Insessorial,12.8,61.65,41.95,-116.24,3560822.24,Extant
Cyanocorax_affinis,Corvidae,Passeriformes,Cyanocorax affinis,38.4,23.1,12.2,13.5,50.1,167.8,17.1,150.7,10.2,160,212,Forest,1,1,Omnivore,Frugivore,Insessorial,1.94,12.46,8.39,-74.71,473163.74,Extant
Cyanocorax_beecheii,Corvidae,Passeriformes,Cyanocorax beecheii,41.6,26.5,13.1,14.5,52.1,171,21.1,149.9,12.3,189,193,Forest,1,1,Omnivore,Omnivore,Insessorial,21.48,28.51,25.28,-107.27,86050.25,Extant
Cyanocorax_caeruleus,Corvidae,Passeriformes,Cyanocorax caeruleus,42.7,26.4,13.5,15.5,50.5,195.7,26.5,169.8,13.5,163.5,272,Forest,1,1,Omnivore,Omnivore,Insessorial,-32.5,-23.35,-27.49,-52.13,521253.94,Extant
Cyanocorax_cayanus,Corvidae,Passeriformes,Cyanocorax cayanus,34.1,20.8,11.5,13.1,49.3,158.4,11,147.4,6.9,154.2,175,Shrubland,2,1,Omnivore,Omnivore,Insessorial,-3.19,8.63,2.87,-57.7,1160987.21,Extant
Cyanocorax_chrysops,Corvidae,Passeriformes,Cyanocorax chrysops,36,22.6,10.9,12.7,47.5,155.1,15.6,139.5,10.1,163.5,166,Forest,1,1,Carnivore,Invertivore,Insessorial,-33.69,-2.48,-21.69,-57.57,2883955.96,Extant
Cyanocorax_cristatellus,Corvidae,Passeriformes,Cyanocorax cristatellus,38.2,24.2,12.5,14.7,47.1,194.6,39.8,154.8,20.4,137.4,178,Woodland,2,1,Omnivore,Omnivore,Insessorial,-24.21,-6.69,-15.4,-49.99,3037012.19,Extant
Cyanocorax_cyanomelas,Corvidae,Passeriformes,Cyanocorax cyanomelas,38.2,22.6,12.1,14.2,47.5,187.6,28.2,159.4,15,162.6,207,Woodland,2,1,Omnivore,Omnivore,Insessorial,-31.64,-12.19,-19.62,-59.83,1680479.72,Extant
Cyanocorax_cyanopogon,Corvidae,Passeriformes,Cyanocorax cyanopogon,34.5,19.4,10.1,11.5,45,141.7,12.6,129.1,8.8,149.6,146,Woodland,2,1,Omnivore,Omnivore,Generalist,-22.6,-2.2,-11.5,-45.07,3068149.17,Extant
Cyanocorax_dickeyi,Corvidae,Passeriformes,Cyanocorax dickeyi,39,24.2,11.1,12.5,47.4,173,15.6,157.5,9,161.2,181,Forest,1,1,Herbivore,Omnivore,Insessorial,22.28,24.53,23.4,-105.48,13431.36,Extant
Cyanocorax_heilprini,Corvidae,Passeriformes,Cyanocorax heilprini,33.5,19.7,11.1,12.7,49,163.2,16.3,146.9,10,157.3,172,Forest,2,1,Omnivore,Omnivore,Insessorial,-9.74,5.8,-2.84,-65.51,320951.37,Extant
Cyanocorax_luxuosus,Corvidae,Passeriformes,Cyanocorax luxuosus,27.7,16.4,9.2,9.4,37.5,114.4,7.8,107.2,6.7,125.7,78.5,Forest,2,1,Omnivore,Omnivore,Insessorial,NA,NA,NA,NA,NA,Extant
Cyanocorax_melanocyaneus,Corvidae,Passeriformes,Cyanocorax melanocyaneus,33.4,19.4,10.6,11.3,40.7,136.2,12.7,123.2,9.4,151.9,101,Forest,2,1,Omnivore,Invertivore,Insessorial,12.76,15.95,14.64,-88.46,123771.88,Extant
Cyanocorax_morio,Corvidae,Passeriformes,Cyanocorax morio,45.1,28.9,13.2,15.8,49.6,201.3,29.5,176.6,14.3,202.8,204,Forest,2,1,Omnivore,Omnivore,Insessorial,8.3,27.5,17.92,-91,670090.88,Extant
Cyanocorax_mystacalis,Corvidae,Passeriformes,Cyanocorax mystacalis,36.5,22.1,10.6,12.5,45.6,143.4,12.6,131.3,8.7,138,154.4,Woodland,2,1,Omnivore,Omnivore,Insessorial,-8.01,-1.11,-4.55,-80.17,81043.68,Extant
Cyanocorax_sanblasianus,Corvidae,Passeriformes,Cyanocorax sanblasianus,35.6,21.5,10.9,13,41.6,139.9,15.5,123.5,11.2,148.4,109,Forest,2,1,Omnivore,Omnivore,Insessorial,16.68,21.47,18.93,-103.01,67589.94,Extant
Cyanocorax_violaceus,Corvidae,Passeriformes,Cyanocorax violaceus,39,24.9,12.6,14.6,48,193.6,28.5,165,14.8,163.8,262,Forest,1,1,Omnivore,Omnivore,Insessorial,-14.77,10.07,-1.78,-69.31,3381230.34,Extant
Cyanocorax_yncas,Corvidae,Passeriformes,Cyanocorax yncas,30.8,15.9,9.5,10.2,39.3,125,10.3,114.7,8.3,146.2,78.5,Forest,2,1,Omnivore,Omnivore,Insessorial,NA,NA,NA,NA,NA,Extant
Cyanocorax_yucatanicus,Corvidae,Passeriformes,Cyanocorax yucatanicus,35.9,22.6,11.3,12.7,41.8,141.9,17.6,124.3,12.4,171.1,118,Woodland,2,1,Omnivore,Omnivore,Insessorial,17.05,21.61,19.16,-89.66,187835.71,Extant
Cyanolyca_argentigula,Corvidae,Passeriformes,Cyanolyca argentigula,28.2,17,8.1,9.3,34.3,118.3,9.1,109.3,7.7,120.5,200,Forest,1,1,Carnivore,Omnivore,Insessorial,8.76,10.07,9.37,-83.27,3924.6,Extant
Cyanolyca_armillata,Corvidae,Passeriformes,Cyanolyca armillata,29.5,16.2,9.2,10.3,40.9,137.6,11.8,125.1,8.6,164.2,200,Forest,1,1,Carnivore,Invertivore,Insessorial,-0.39,9.47,5.14,-74.18,96599.98,Extant
Cyanolyca_cucullata,Corvidae,Passeriformes,Cyanolyca cucullata,32,18.2,10.2,11.2,38.5,123.9,7.9,116,6.4,130.7,101.3,Forest,1,1,Omnivore,Omnivore,Insessorial,8.5,21.72,16.04,-91.39,105285.43,Extant
Cyanolyca_mirabilis,Corvidae,Passeriformes,Cyanolyca mirabilis,23.4,14.5,6.9,8.3,32.6,106,10.3,95.7,9.7,109.3,52.4,Forest,1,1,Carnivore,Invertivore,Insessorial,16,17.74,16.83,-98.23,3738.6,Extant
Cyanolyca_nana,Corvidae,Passeriformes,Cyanolyca nana,24.1,13.2,6.5,7.3,31.6,113.4,14.9,98.5,13.1,113.9,41,Forest,1,1,Carnivore,Invertivore,Insessorial,17.14,21.26,17.98,-96.79,4670.68,Extant
Cyanolyca_pulchra,Corvidae,Passeriformes,Cyanolyca pulchra,31.6,19,10.2,11.6,40.7,133,20.5,112.5,15,132.2,101.3,Forest,1,1,Carnivore,Invertivore,Insessorial,-0.28,5.47,2.53,-77.33,19718.93,Extant
Cyanolyca_pumilo,Corvidae,Passeriformes,Cyanolyca pumilo,27.3,15,7.4,8.1,32.4,117.6,11.6,104.9,9.9,118.4,47,Forest,1,1,Carnivore,Invertivore,Insessorial,13.79,17.37,15.21,-89.8,103163.24,Extant
Cyanolyca_turcosa,Corvidae,Passeriformes,Cyanolyca turcosa,33.4,18,9.6,10.7,39.8,137,13,123.3,9.5,143.1,97.5,Forest,1,1,Carnivore,Invertivore,Insessorial,-5.76,1.06,-1.85,-78.6,62126.94,Extant
Cyanolyca_viridicyanus,Corvidae,Passeriformes,Cyanolyca viridicyanus,31.6,17.7,9.4,10.3,41.5,138.2,12.7,125.2,9.3,162.9,119.8,Forest,1,1,Carnivore,Invertivore,Insessorial,-18.04,-5.38,-12.56,-71.99,197888.28,Extant
Cyanopica_cyanus,Corvidae,Passeriformes,Cyanopica cyanus,28.6,17,8.3,8.5,35,136.4,21.4,114.6,15.7,197.7,95.9,Woodland,2,1,Omnivore,Omnivore,Generalist,27.45,54.31,41.98,113.04,4927539.01,Extant
Dendrocitta_bayleyi,Corvidae,Passeriformes,Dendrocitta bayleyi,27.9,16.9,9.3,11.4,27.2,116.4,17.2,98.6,14.9,181.3,102,Forest,1,1,Carnivore,Omnivore,Insessorial,10.51,13.68,12.29,92.78,5706.32,Extant
Dendrocitta_formosae,Corvidae,Passeriformes,Dendrocitta formosae,34,23.2,11.7,14.7,30.2,141.1,22.8,119.2,16,200.7,102.7,Forest,2,1,Omnivore,Omnivore,Insessorial,13.07,33.77,25.48,105.19,3328585.52,Extant
Dendrocitta_frontalis,Corvidae,Passeriformes,Dendrocitta frontalis,32.5,20.5,9.7,14.9,30,130.2,16.7,113.9,12.7,214.4,100,Forest,1,1,Carnivore,Omnivore,Insessorial,21.74,29.6,26.44,96.49,200384.69,Extant
Dendrocitta_leucogastra,Corvidae,Passeriformes,Dendrocitta leucogastra,34.5,20.9,11.7,14.8,30.7,140.9,19.1,121.4,13.5,282.4,99.2,Forest,1,1,Carnivore,Omnivore,Insessorial,8.1,17.35,12.52,75.73,107997.21,Extant
Dendrocitta_occipitalis,Corvidae,Passeriformes,Dendrocitta occipitalis,33,20.8,12,15.1,30.1,141.8,22.1,119.7,15.5,250.3,95.3,Forest,1,1,Omnivore,Omnivore,Insessorial,-5.95,6.5,1.41,107.82,333937.44,Extant
Dendrocitta_vagabunda,Corvidae,Passeriformes,Dendrocitta vagabunda,33.4,21.3,10.6,14,34.2,155,22.4,127.2,15,257.3,100,Woodland,2,1,Carnivore,Omnivore,Terrestrial,8.07,33.79,22.02,83.51,4361512.68,Extant
Garrulus_glandarius,Corvidae,Passeriformes,Garrulus glandarius,33.7,19.9,10.4,12.2,40.6,181.4,35.1,147.6,19.2,147.1,159.5,Forest,1,2,Omnivore,Omnivore,Insessorial,10.89,70.09,48.19,67.26,22919550.27,Extant
Garrulus_lanceolatus,Corvidae,Passeriformes,Garrulus lanceolatus,27.4,15.1,8.9,11.3,38,152.6,23.6,128.6,15.5,149.4,97.7,Forest,1,2,Omnivore,Omnivore,Insessorial,27.38,36.1,31.98,75.9,322480.19,Extant
Garrulus_lidthi,Corvidae,Passeriformes,Garrulus lidthi,37.8,22.7,10.8,14.4,44.3,173.8,26.9,146.9,15.5,166.8,125,Forest,1,1,Omnivore,Omnivore,Insessorial,28.01,28.52,28.28,129.41,815.32,Extant
Gymnorhinus_cyanocephalus,Corvidae,Passeriformes,Gymnorhinus cyanocephalus,37.9,23.8,8.3,8.8,37.7,147.8,39.2,107.8,26.6,106.2,104.8,Forest,2,2,Omnivore,Omnivore,Generalist,30.16,46.72,39.05,-111.57,1284048.89,Extant
Nucifraga_caryocatactes,Corvidae,Passeriformes,Nucifraga caryocatactes,49.5,36.1,12.4,14.3,39.5,190.8,47.5,143.7,24.8,128.6,182.5,Forest,1,2,Omnivore,Granivore,Insessorial,21.9,70.87,55.46,100.01,17894760.51,Extant
Nucifraga_columbiana,Corvidae,Passeriformes,Nucifraga columbiana,44.3,35.4,11.6,12.3,36.7,191,61.6,129.3,32.2,112,129.8,Forest,1,2,Omnivore,Omnivore,Insessorial,24.81,54.26,43.24,-114.14,2287629.4,Extant
Perisoreus_canadensis,Corvidae,Passeriformes,Perisoreus canadensis,24.6,14.3,9,8.6,36.3,150.4,27.2,123.2,18.1,135.9,71.6,Forest,1,1,Omnivore,Omnivore,Insessorial,33.79,68.78,56.26,-107.33,7301159.58,Extant
Perisoreus_infaustus,Corvidae,Passeriformes,Perisoreus infaustus,27.5,15.9,9.4,9.1,35.9,140.4,24.4,115.9,17.4,128.1,84.4,Forest,1,1,Omnivore,Omnivore,Insessorial,43.73,70.31,59.77,93.47,11840129.85,Extant
Perisoreus_internigrans,Corvidae,Passeriformes,Perisoreus internigrans,26.2,16.2,8.9,9,41.7,163.8,32.1,131.7,19.6,148.6,102,Forest,1,1,Omnivore,Omnivore,Insessorial,29.97,34.15,32.34,100.92,143343.38,Extant
Pica_hudsonia,Corvidae,Passeriformes,Pica hudsonia,38.6,24.7,11.1,12.9,47.7,202.8,49.6,152.1,24.6,262,177.1,Grassland,3,1,Omnivore,Omnivore,Terrestrial,33.97,65.16,49.66,-114.6,6726173.66,Extant
Pica_nuttalli,Corvidae,Passeriformes,Pica nuttalli,36.3,23.3,11.4,13.2,48.2,188.8,49.9,140.2,26.2,241.5,158.3,Shrubland,2,1,Carnivore,Omnivore,Terrestrial,34.43,40.93,37.62,-121.17,95191.28,Extant
Pica_pica,Corvidae,Passeriformes,Pica pica,40.8,26.1,12.3,13.7,49,193.2,44.6,149.9,22.9,239.6,217.5,Human Modified,3,1,Omnivore,Omnivore,Terrestrial,14.97,71.19,48.69,71.05,32086533.08,Extant
Platylophus_galericulatus,Corvidae,Passeriformes,Platylophus galericulatus,30.3,18.9,8.8,10.6,32.4,136,16.8,119,12.3,113.6,77.9,Forest,1,1,Carnivore,Invertivore,Insessorial,-8.78,12.82,0.54,108.19,1559387.65,Extant
Platysmurus_leucopterus,Corvidae,Passeriformes,Platysmurus leucopterus,38.8,26.6,13.1,16.6,37.7,185.5,27.7,157.6,14.9,167.2,180,Forest,1,1,Omnivore,Omnivore,Insessorial,-6.08,14.09,1.46,107.87,1299814.63,Extant
Podoces_biddulphi,Corvidae,Passeriformes,Podoces biddulphi,53.8,40.8,9.5,10.3,44.4,148.6,35.6,112.9,24,99.3,130.5,Desert,3,2,Omnivore,Omnivore,Terrestrial,36.73,42.12,39.5,83.1,420108.26,Extant
Podoces_hendersoni,Corvidae,Passeriformes,Podoces hendersoni,43.7,32.4,9.9,9.8,41,139.4,30.1,109,21.6,101.3,120.5,Desert,3,2,Omnivore,Omnivore,Terrestrial,38.95,52.84,44.51,94.48,1783211.45,Extant
Podoces_panderi,Corvidae,Passeriformes,Podoces panderi,32.1,22.4,7.9,7.6,40.8,119.7,25.6,93.7,21.4,89.9,91.1,Desert,3,2,Omnivore,Omnivore,Terrestrial,37.78,46.43,41.08,61.23,291415.99,Extant
Podoces_pleskei,Corvidae,Passeriformes,Podoces pleskei,38.8,28.8,8.9,8.7,43.4,118.8,24.4,94.3,20.6,82.2,87.5,Desert,3,2,Omnivore,Omnivore,Terrestrial,27.53,36.46,32.05,55.97,219917.49,Extant
Ptilostomus_afer,Corvidae,Passeriformes,Ptilostomus afer,37.1,29.4,12.1,14.3,48.2,165.1,41.6,123.5,25.2,258,128,Grassland,3,2,Omnivore,Omnivore,Terrestrial,-1.15,16.79,10.06,7.85,3779257.09,Extant
Pyrrhocorax_graculus,Corvidae,Passeriformes,Pyrrhocorax graculus,36.2,22.2,9.3,9.8,43.8,267.4,98.5,169.4,36.7,163.5,211,Rock,3,2,Carnivore,Invertivore,Terrestrial,27.23,52.77,38.96,65.01,3556954.7,Extant
Pyrrhocorax_pyrrhocorax,Corvidae,Passeriformes,Pyrrhocorax pyrrhocorax,54.6,43.7,12.2,12.6,52.5,284.5,111,173.1,39,133.3,276.7,Rock,3,2,Carnivore,Invertivore,Terrestrial,5.45,57.54,40.2,85.68,12981520.53,Extant
Temnurus_temnurus,Corvidae,Passeriformes,Temnurus temnurus,30.2,18.9,8.8,11.6,29.2,131.6,16.8,114.9,12.7,171.3,138,Forest,1,1,Carnivore,Invertivore,Insessorial,11.9,23.18,19.1,106.26,266868.95,Extant
Urocissa_caerulea,Corvidae,Passeriformes,Urocissa caerulea,45.8,27.5,13.1,16.6,51.3,198.9,29.5,169.4,14.8,386.8,257,Forest,1,1,Omnivore,Omnivore,Insessorial,21.9,25.28,23.8,121.1,20500.71,Extant
Urocissa_erythrorhyncha,Corvidae,Passeriformes,Urocissa erythrorhyncha,38.7,22.5,12.1,13,45.3,181.3,35,146.6,19.3,366.3,151.5,Forest,1,1,Carnivore,Omnivore,Insessorial,11.63,41.17,26.37,107.36,4461983.11,Extant
Urocissa_flavirostris,Corvidae,Passeriformes,Urocissa flavirostris,39.4,22.9,12.1,13.3,47.6,184.8,26.5,158.3,14.3,392.4,149.2,Forest,1,1,Carnivore,Omnivore,Insessorial,21.31,35.17,28.24,87.92,304129.16,Extant
Urocissa_ornata,Corvidae,Passeriformes,Urocissa ornata,42.6,24.2,11.6,15.5,43.1,165.8,24.2,141.6,14.6,240.9,196,Forest,1,1,Omnivore,Omnivore,Insessorial,6.17,7.47,6.95,80.45,5325.88,Extant
Urocissa_whiteheadi,Corvidae,Passeriformes,Urocissa whiteheadi,47.1,28,13,16.2,51.2,214.1,37,178.7,17,215.4,200,Forest,1,1,Omnivore,Omnivore,Insessorial,13.83,27.82,20.41,105.29,373302.15,Extant
Zavattariornis_stresemanni,Corvidae,Passeriformes,Zavattariornis stresemanni,35.7,24,7.9,9.7,40.3,140.8,35.6,105.1,25.3,121.8,130,Shrubland,3,1,Carnivore,Invertivore,Terrestrial,3.67,5.07,4.39,38.31,4600.83,Extant
Ampelioides_tschudii,Cotingidae,Passeriformes,Ampelioides tschudii,22.6,10.8,7.1,6.2,20.8,100.5,23.9,76.2,23.9,65.5,78.4,Forest,1,1,Omnivore,Frugivore,Insessorial,-15.8,10.79,-4.88,-74.95,201035.43,Extant
Ampelion_rubrocristatus,Cotingidae,Passeriformes,Ampelion rubrocristatus,20.5,9.2,5.6,6.8,24.9,113.3,27.8,85.8,24.5,86.2,66.3,Forest,2,1,Herbivore,Frugivore,Insessorial,-18.1,11.22,-4.07,-74.7,413439.19,Extant
Ampelion_rufaxilla,Cotingidae,Passeriformes,Ampelion rufaxilla,19.4,8.3,4.9,5.4,21.9,115.8,33,82.8,28.5,80.4,73.9,Forest,1,1,Omnivore,Frugivore,Insessorial,-17.77,6.96,-6.32,-73.91,79754.2,Extant
Calyptura_cristata,Cotingidae,Passeriformes,Calyptura cristata,8.5,4.5,3.1,3.8,14.9,47.9,3.8,44.1,7.9,23.2,7.8,NA,1,NA,Omnivore,Omnivore,Insessorial,-22.49,-22.47,-22.48,-43,3.12,Extant
Carpodectes_antoniae,Cotingidae,Passeriformes,Carpodectes antoniae,20.8,11.1,6.3,6.8,23.6,130.4,26.7,104.8,20.5,72.2,98,Woodland,2,1,Herbivore,Frugivore,Insessorial,7.61,9.87,8.55,-82.79,2191.64,Extant
Carpodectes_hopkei,Cotingidae,Passeriformes,Carpodectes hopkei,22.1,12.8,7.1,6.8,24.1,150.3,26.2,122.9,17.3,92.2,102,Forest,1,1,Herbivore,Frugivore,Insessorial,-0.71,8.16,3.81,-77.86,96274.78,Extant
Carpodectes_nitidus,Cotingidae,Passeriformes,Carpodectes nitidus,20.1,11.6,6.3,7.4,25,133.7,25.1,111.6,19,73.4,101.6,Forest,2,1,Herbivore,Frugivore,Insessorial,9.35,16.03,13.2,-84.65,103015.66,Extant
Carpornis_cucullata,Cotingidae,Passeriformes,Carpornis cucullata,18.3,9.2,5.6,6.8,23.3,113.6,22.4,90.9,19.8,101.8,74.2,Forest,1,1,Herbivore,Frugivore,Insessorial,-31.85,-19.11,-25.4,-47.54,251722.97,Extant
Carpornis_melanocephala,Cotingidae,Passeriformes,Carpornis melanocephala,19,9.3,5.5,6.9,21.6,109.5,23,86.4,21.1,91.8,64.2,Forest,1,1,Herbivore,Frugivore,Insessorial,-25.87,-9.22,-20.8,-43.67,67888.43,Extant
Cephalopterus_glabricollis,Cotingidae,Passeriformes,Cephalopterus glabricollis,33.6,30.4,17.6,15.1,40.4,233,35.9,201.8,15.2,118.4,379.5,Forest,1,2,Omnivore,Frugivore,Insessorial,8.4,10.8,9.42,-83,14362.87,Extant
Cephalopterus_ornatus,Cotingidae,Passeriformes,Cephalopterus ornatus,57.2,36.8,19.7,18.9,47.2,259.6,40.4,221.6,15.4,160.2,380,Forest,1,1,Omnivore,Omnivore,Insessorial,-17.34,7.83,-5.22,-65.01,5506150.67,Extant
Cephalopterus_penduliger,Cotingidae,Passeriformes,Cephalopterus penduliger,39.9,33.3,18.4,17.2,45.2,249.6,35.4,211.6,14.4,138.6,338,Forest,1,1,Herbivore,Frugivore,Insessorial,-3.66,4.05,0.72,-78.83,69374.2,Extant
Conioptilon_mcilhennyi,Cotingidae,Passeriformes,Conioptilon mcilhennyi,20.8,11.8,7.2,6.1,24.3,145.8,26.9,118.9,18.4,88.4,90,Forest,1,1,Herbivore,Frugivore,Insessorial,-13.02,-8.53,-10.95,-71.41,146164.97,Extant
Cotinga_amabilis,Cotingidae,Passeriformes,Cotinga amabilis,17.9,9.4,5.3,5.4,21.6,108.3,25.9,81.8,24,70.2,71.5,Forest,1,1,Herbivore,Frugivore,Insessorial,8.8,19.04,15.79,-89.47,297726.28,Extant
Cotinga_cayana,Cotingidae,Passeriformes,Cotinga cayana,21.6,9.4,6.2,5,20.6,110.6,22.4,85.9,20,78.3,61.8,Forest,1,1,Herbivore,Frugivore,Insessorial,-16.65,8.78,-3.31,-62.63,6353282.74,Extant
Cotinga_cotinga,Cotingidae,Passeriformes,Cotinga cotinga,16.5,8.8,5.5,4.9,20.3,106.2,23.1,82.1,21.9,64,54,Forest,1,1,Herbivore,Frugivore,Insessorial,-11.59,7.69,-0.15,-56.83,1911359.27,Extant
Cotinga_maculata,Cotingidae,Passeriformes,Cotinga maculata,17.4,9.8,5.9,5.3,22.5,114.2,29.7,84.5,26,71.5,65,Forest,1,1,Omnivore,Frugivore,Insessorial,-16.94,-13.72,-15.14,-39.52,30327.88,Extant
Cotinga_maynana,Cotingidae,Passeriformes,Cotinga maynana,20,10.6,5.2,5.5,22.3,113.8,28,85.9,24.6,75.8,69,Forest,1,1,Herbivore,Frugivore,Insessorial,-13.61,2.19,-5.7,-69.16,2547258.17,Extant
Cotinga_nattererii,Cotingidae,Passeriformes,Cotinga nattererii,18.1,10.2,6,5.7,22.5,111.8,27.7,84.1,24.8,76.8,57.2,Forest,1,1,Herbivore,Frugivore,Insessorial,-0.02,9.63,6.15,-76.66,176421.95,Extant
Cotinga_ridgwayi,Cotingidae,Passeriformes,Cotinga ridgwayi,17.1,9,5.2,5.2,20.1,102.9,26,76.8,25.3,66.1,57.2,Forest,1,1,Herbivore,Frugivore,Insessorial,8.03,9.95,9.03,-83.51,8354.02,Extant
Doliornis_remseni,Cotingidae,Passeriformes,Doliornis remseni,18.4,9,4.9,5.1,28.3,97,13.2,83.8,13.6,84,63.1,Forest,2,1,Herbivore,Frugivore,Insessorial,-4.79,4.62,1.27,-76.93,10870.35,Extant
Doliornis_sclateri,Cotingidae,Passeriformes,Doliornis sclateri,19,7.9,5,5.8,25.9,100,13.8,86.2,13.8,95.3,60.2,Forest,1,1,Herbivore,Frugivore,Insessorial,-11.68,-8,-10.1,-76.01,13019.5,Extant
Gymnoderus_foetidus,Cotingidae,Passeriformes,Gymnoderus foetidus,29.3,16.6,9.5,8.8,31.9,201.4,42.1,164,20.5,121.7,275.5,Forest,2,1,Herbivore,Frugivore,Insessorial,-17.76,7.39,-6.85,-61.56,5252269.51,Extant
Haematoderus_militaris,Cotingidae,Passeriformes,Haematoderus militaris,38.6,21.4,14.9,12.3,27.9,212,51.5,157.8,24.5,137.6,227,Forest,2,1,Carnivore,Invertivore,Insessorial,-12.51,6.97,1.18,-55.51,1043733.97,Extant
Iodopleura_fusca,Cotingidae,Passeriformes,Iodopleura fusca,10.9,7.4,5.9,4.4,15.6,75.8,21.2,54.6,28,37.6,15.3,Forest,1,1,Carnivore,Invertivore,Insessorial,0.85,7.58,4.62,-57.08,444576.7,Extant
Iodopleura_isabellae,Cotingidae,Passeriformes,Iodopleura isabellae,11.5,6.5,5.2,4.1,13.7,74.2,19.4,55.5,25.9,37.2,20,Forest,1,1,Carnivore,Invertivore,Insessorial,-13.33,5.85,-4.75,-63.77,4495732.17,Extant
Iodopleura_pipra,Cotingidae,Passeriformes,Iodopleura pipra,8.2,4.5,3.6,3.5,13.9,56.6,13.7,43,24.1,32,10,Forest,1,1,Herbivore,Frugivore,Insessorial,-25.22,-6.7,-22.35,-44.02,130157.72,Extant
Laniisoma_buckleyi,Cotingidae,Passeriformes,Laniisoma buckleyi,19.6,12,6,5.6,21.5,99.8,22,77.8,22,59.6,47.1,Forest,1,1,Omnivore,Omnivore,Insessorial,-16.1,7.63,-6.44,-72.79,35911.33,Extant
Laniisoma_elegans,Cotingidae,Passeriformes,Laniisoma elegans,20.3,13.2,5.4,6.1,22.5,103.5,26.9,76.6,26,61,47.4,Forest,1,1,Omnivore,Omnivore,Insessorial,-25.89,-18.48,-22.35,-44.62,172527.96,Extant
Laniocera_hypopyrra,Cotingidae,Passeriformes,Laniocera hypopyrra,21.8,12,6.1,6.2,20.4,105.5,24.7,80.6,23.5,84.9,51,Forest,1,1,Carnivore,Invertivore,Insessorial,-20.16,10.48,-3.66,-62.18,6630155.4,Extant
Laniocera_rufescens,Cotingidae,Passeriformes,Laniocera rufescens,20.4,13.3,6,6.9,21.6,108.8,23.6,85.2,21.6,89.8,48.1,Forest,1,1,Carnivore,Omnivore,Insessorial,0.12,17.64,10.82,-82.42,394176.44,Extant
Lipaugus_fuscocinereus,Cotingidae,Passeriformes,Lipaugus fuscocinereus,29.3,15.8,10.1,9.3,29,182.2,33.6,148.7,18.5,158.2,138,Forest,1,1,Herbivore,Frugivore,Insessorial,-5.2,7.43,1.6,-76.47,42613.15,Extant
Lipaugus_lanioides,Cotingidae,Passeriformes,Lipaugus lanioides,26.1,16,8,8.3,24.6,133.8,22.8,111,17,116,94.8,Forest,1,1,Herbivore,Frugivore,Insessorial,-27.36,-14.44,-22.23,-44.44,201153.3,Extant
Lipaugus_streptophorus,Cotingidae,Passeriformes,Lipaugus streptophorus,22.7,13.8,8.6,7.3,20.2,125,26.8,98.2,21.4,95.8,57.2,Forest,1,1,Herbivore,Frugivore,Insessorial,4.49,6.01,5.26,-61.2,47371.38,Extant
Lipaugus_unirufus,Cotingidae,Passeriformes,Lipaugus unirufus,24,15,7.2,8.1,21.2,132.4,26.8,103.9,20.4,112,82.1,Forest,1,1,Omnivore,Frugivore,Insessorial,0.07,18.45,11.43,-83.42,462431.54,Extant
Lipaugus_uropygialis,Cotingidae,Passeriformes,Lipaugus uropygialis,28.4,15.9,8.4,9.2,29.6,139.6,15.7,123.9,11.3,143.7,116,Forest,1,1,Omnivore,Frugivore,Insessorial,-17.81,-12.04,-15.6,-67.92,15254.67,Extant
Lipaugus_vociferans,Cotingidae,Passeriformes,Lipaugus vociferans,26.9,13.8,8,7.3,21.4,123.1,20.9,102.1,16.9,110.2,75.4,Forest,1,1,Omnivore,Frugivore,Insessorial,-20.88,10.58,-4.6,-61.63,7063057.92,Extant
Lipaugus_weberi,Cotingidae,Passeriformes,Lipaugus weberi,22.2,13.9,7,7.1,22.5,127.8,27,100.8,21,106.9,72.1,Forest,1,1,Herbivore,Frugivore,Insessorial,6.88,7.13,6.96,-75.07,41.87,Extant
Oxyruncus_cristatus,Cotingidae,Passeriformes,Oxyruncus cristatus,17.9,11.3,5.5,5.6,20.7,92.2,24,67.2,26.3,64.3,42,Forest,1,1,Herbivore,Frugivore,Insessorial,-27.06,11,-10.17,-53.72,1872045.95,Extant
Pachyramphus_aglaiae,Cotingidae,Passeriformes,Pachyramphus aglaiae,16.9,11.3,7.1,6.6,19.7,86,17.4,68.9,20.1,66.2,29.7,Forest,1,2,Omnivore,Omnivore,Insessorial,7.22,32.02,19.64,-96.6,1314371.45,Extant
Pachyramphus_albogriseus,Cotingidae,Passeriformes,Pachyramphus albogriseus,15.6,9.9,7.1,5.5,17.7,71.2,18.3,52.9,25.7,54,17.3,Forest,1,1,Omnivore,Omnivore,Insessorial,-12.53,11.19,-0.74,-76.74,341646.91,Extant
Pachyramphus_castaneus,Cotingidae,Passeriformes,Pachyramphus castaneus,14.3,9.6,6.2,5.1,18.3,74.1,14,62.4,18.3,59.9,19.5,Forest,1,1,Carnivore,Invertivore,Insessorial,-29.45,11.2,-10.55,-58.67,5788367.53,Extant
Pachyramphus_cinnamomeus,Cotingidae,Passeriformes,Pachyramphus cinnamomeus,16.8,10.6,7.6,5.6,19.7,77,16.1,61.5,20.7,59.4,20.3,Forest,1,1,Carnivore,Invertivore,Insessorial,-3.73,17.81,9.82,-80.11,701563.57,Extant
Pachyramphus_homochrous,Cotingidae,Passeriformes,Pachyramphus homochrous,19.4,13.3,7.7,7.4,20.6,87.5,18,69.5,20.6,71.2,37.3,Forest,1,2,Omnivore,Omnivore,Insessorial,-4.82,11.49,5.68,-76.34,370203.78,Extant
Pachyramphus_major,Cotingidae,Passeriformes,Pachyramphus major,15.8,10.8,7.2,6.2,19.5,81.8,20.7,60,25.6,63.6,24.8,Forest,2,3,Omnivore,Omnivore,Insessorial,12.99,29.14,19.3,-95.33,555625.41,Extant
Pachyramphus_marginatus,Cotingidae,Passeriformes,Pachyramphus marginatus,14.7,10.1,6.9,5.2,18.5,67.7,15,53.7,21.8,50.4,18.4,Forest,1,1,Omnivore,Omnivore,Insessorial,-24.96,8.35,-4.48,-62.18,6344951.42,Extant
Pachyramphus_minor,Cotingidae,Passeriformes,Pachyramphus minor,19.3,13.5,8.4,7.6,20.9,89.2,18,71,20.3,65.1,36.6,Forest,1,2,Omnivore,Omnivore,Insessorial,-18.32,8.56,-4.7,-62.06,6895984.62,Extant
Pachyramphus_niger,Cotingidae,Passeriformes,Pachyramphus niger,20.5,13.7,8.4,7.4,23.8,99.2,16.5,82,16.7,76.4,40.2,Forest,2,2,Omnivore,Omnivore,Insessorial,17.7,18.53,18.16,-77.31,11021.79,Extant
Pachyramphus_polychopterus,Cotingidae,Passeriformes,Pachyramphus polychopterus,14.9,10.4,7,5.7,18.7,72,16.4,58.5,21.8,55.7,20.8,Forest,2,1,Omnivore,Invertivore,Insessorial,-35.01,16.68,-9.65,-58.37,13935213.9,Extant
Pachyramphus_rufus,Cotingidae,Passeriformes,Pachyramphus rufus,14.6,10,6.6,5.4,17.5,67.6,14.2,54,20.8,48.4,18.8,Forest,2,1,Carnivore,Invertivore,Insessorial,-9.76,12.64,0.03,-61.5,3994359.03,Extant
Pachyramphus_spodiurus,Cotingidae,Passeriformes,Pachyramphus spodiurus,15.9,10.7,6.9,5.5,18.9,75.2,16.8,58.8,22.2,59,18.2,Woodland,2,1,Carnivore,Invertivore,Insessorial,-5.74,1.27,-1.94,-79.76,40652.05,Extant
Pachyramphus_surinamus,Cotingidae,Passeriformes,Pachyramphus surinamus,16.5,12.1,7.1,5.6,18.8,77.5,17.8,59.7,22.9,54.2,19.7,Forest,1,2,Carnivore,Invertivore,Insessorial,-4.02,7.73,0.73,-56.4,707437.36,Extant
Pachyramphus_validus,Cotingidae,Passeriformes,Pachyramphus validus,19.3,13.8,8.6,7.8,19.8,95.5,20.8,74.3,21.8,68.1,43,Forest,2,3,Carnivore,Invertivore,Insessorial,-31.74,0.34,-15.66,-50.38,6063334.02,Extant
Pachyramphus_versicolor,Cotingidae,Passeriformes,Pachyramphus versicolor,12.6,7.4,5.2,4.4,16.2,64.6,13.5,52.1,20.6,51.7,15.5,Forest,1,1,Carnivore,Invertivore,Insessorial,-17.89,10.92,-1.66,-75.57,302157.64,Extant
Pachyramphus_viridis,Cotingidae,Passeriformes,Pachyramphus viridis,14.5,9.9,6.6,5.5,17.6,71.2,13.8,57.2,19.5,55.2,21,Forest,2,2,Carnivore,Invertivore,Insessorial,-32.34,8.06,-17.75,-49.92,5098620.61,Extant
Pachyramphus_xanthogenys,Cotingidae,Passeriformes,Pachyramphus xanthogenys,15.2,9.8,6.8,5.3,17.5,72.5,17.4,55,24.1,51.8,21,Forest,1,2,Carnivore,Invertivore,Insessorial,-13.63,0.97,-7.95,-75.18,63012.14,Extant
Perissocephalus_tricolor,Cotingidae,Passeriformes,Perissocephalus tricolor,47.7,29.3,15.5,15.1,40.1,211,31.4,179.8,14.9,112.6,338.9,Forest,1,1,Herbivore,Frugivore,Insessorial,-3.34,8.26,2.29,-59.02,1655180.77,Extant
Phibalura_flavirostris,Cotingidae,Passeriformes,Phibalura flavirostris,13.3,9,6.4,5.9,18.7,98.5,32.3,66.2,32.8,103.9,46.5,Forest,2,3,Herbivore,Frugivore,Insessorial,-32.81,-12.91,-23.38,-48.43,1085140.75,Extant
Phoenicircus_carnifex,Cotingidae,Passeriformes,Phoenicircus carnifex,19.9,9.2,5.9,6.4,25.2,101.1,9.3,93.1,9.1,85.8,82.9,Forest,1,1,Herbivore,Frugivore,Insessorial,-5.04,7.41,0.54,-54.84,1387247.24,Extant
Phoenicircus_nigricollis,Cotingidae,Passeriformes,Phoenicircus nigricollis,22.2,11.4,5.5,6.9,26.2,101.2,9.8,91.4,9.7,81.8,96.3,Forest,1,1,Herbivore,Frugivore,Insessorial,-11.98,1.93,-4.37,-66.45,2636332.67,Extant
Phytotoma_raimondii,Cotingidae,Passeriformes,Phytotoma raimondii,18.8,10.1,7.3,8.1,24.5,89.3,11.6,75.7,12.9,87.3,39.8,Woodland,2,1,Herbivore,Herbivore terrestrial,Insessorial,-10.44,-3.67,-6.06,-80.1,2921.02,Extant
Phytotoma_rara,Cotingidae,Passeriformes,Phytotoma rara,17.6,10.2,7.7,8.6,24.4,88.9,15.1,73,17.1,79.6,47,Shrubland,2,1,Herbivore,Herbivore terrestrial,Insessorial,-53.31,-27.29,-41.84,-71.82,478077.69,Extant
Phytotoma_rutila,Cotingidae,Passeriformes,Phytotoma rutila,15.5,8.8,6.4,7.1,22.2,86.5,14.7,72,16.9,90.6,40.5,Shrubland,2,1,Herbivore,Herbivore terrestrial,Insessorial,-43.96,-16.09,-31.76,-63.02,1756370.23,Extant
Pipreola_arcuata,Cotingidae,Passeriformes,Pipreola arcuata,24.8,10.2,6.2,6.5,28.1,123.4,23.1,100,18.7,98.8,118,Forest,1,1,Herbivore,Frugivore,Insessorial,-17.93,10.92,-3.81,-74.19,259332.07,Extant
Pipreola_aureopectus,Cotingidae,Passeriformes,Pipreola aureopectus,15.6,8,5.2,4.8,20.8,88.7,19,71.1,21,72.8,46,Forest,1,1,Herbivore,Frugivore,Insessorial,1.27,11.12,6.94,-74.1,83804.89,Extant
Pipreola_chlorolepidota,Cotingidae,Passeriformes,Pipreola chlorolepidota,14.2,8.4,5.2,4.3,17.5,74.8,14.9,59.9,20,43.9,29.5,Forest,1,1,Herbivore,Frugivore,Insessorial,-13.85,1.27,-4.86,-77.2,88203.3,Extant
Pipreola_formosa,Cotingidae,Passeriformes,Pipreola formosa,15.4,7.6,4.9,4.6,20.1,87,18.1,68.9,20.9,62.2,47.2,Forest,1,1,Herbivore,Frugivore,Insessorial,9.7,10.76,10.32,-65.89,12048.9,Extant
Pipreola_frontalis,Cotingidae,Passeriformes,Pipreola frontalis,15.9,7.6,5.1,4.7,19.2,87.2,17,70.1,19.5,67.7,42.4,Forest,1,1,Herbivore,Frugivore,Insessorial,-17.7,-0.19,-11.05,-73,150100.41,Extant
Pipreola_intermedia,Cotingidae,Passeriformes,Pipreola intermedia,17.2,7.3,4.6,5,23.8,94.5,14.9,79.6,15.8,83.1,51.2,Forest,1,1,Herbivore,Frugivore,Insessorial,-17.91,-7.92,-13.22,-71.66,121136.09,Extant
Pipreola_jucunda,Cotingidae,Passeriformes,Pipreola jucunda,18.3,10.8,6.3,5.7,22,96,22.4,74.1,23.2,58,57,Forest,1,1,Herbivore,Frugivore,Insessorial,-2.35,3.43,0.74,-78.31,13837.17,Extant
Pipreola_lubomirskii,Cotingidae,Passeriformes,Pipreola lubomirskii,17.1,9.4,5.8,5.1,21.6,92.5,19.6,72.8,21.2,63.5,57,Forest,1,1,Herbivore,Frugivore,Insessorial,-6.17,2.12,-1.62,-77.93,28329.19,Extant
Pipreola_pulchra,Cotingidae,Passeriformes,Pipreola pulchra,18.4,8.9,5.7,5.8,22.1,94.1,17.4,76.7,18.5,72.2,58.2,Forest,1,1,Herbivore,Frugivore,Insessorial,-13.42,-7.41,-11.01,-74.5,78215.76,Extant
Pipreola_riefferii,Cotingidae,Passeriformes,Pipreola riefferii,16.6,7.6,5.2,4.8,22.3,88.7,15,73.8,17.2,73.5,49.3,Forest,1,1,Herbivore,Frugivore,Insessorial,-9.93,10.88,2.08,-75.49,257255.05,Extant
Pipreola_whitelyi,Cotingidae,Passeriformes,Pipreola whitelyi,15.7,8.6,5.1,4.9,20.5,95,22.1,72.9,23.3,63.2,50,Forest,1,1,Herbivore,Frugivore,Insessorial,4.86,5.82,5.36,-61.34,24788.58,Extant
Porphyrolaema_porphyrolaema,Cotingidae,Passeriformes,Porphyrolaema porphyrolaema,17.9,10.6,6.5,6.3,19.7,96.2,19.5,76.7,20.2,68.2,60,Forest,1,1,Herbivore,Frugivore,Insessorial,-13.99,1.53,-6.09,-68.41,2187394.02,Extant
Procnias_albus,Cotingidae,Passeriformes,Procnias albus,26.7,10.7,7.1,6,26.8,150.5,34.9,115.6,23.4,83,210,Forest,1,1,Herbivore,Frugivore,Insessorial,-6.46,8.29,3.95,-57.67,527310.4,Extant
Procnias_averano,Cotingidae,Passeriformes,Procnias averano,27.1,11.4,7.5,6.7,29.4,152.7,39.7,113.8,25.9,88,146.1,Forest,1,1,Herbivore,Frugivore,Insessorial,-10.79,11.36,-4.18,-46.4,1123871.61,Extant
Procnias_nudicollis,Cotingidae,Passeriformes,Procnias nudicollis,27,10.9,7.1,5.9,29.4,148.4,35.1,111.6,24,82.6,172,Forest,1,1,Herbivore,Frugivore,Insessorial,-32.22,-8.2,-21.31,-47.2,1467436.56,Extant
Procnias_tricarunculatus,Cotingidae,Passeriformes,Procnias tricarunculatus,27.8,16.2,9.7,7.4,29.4,166,38.3,127.7,23,113.2,210,Forest,1,1,Herbivore,Frugivore,Insessorial,7.27,15.62,10.37,-83.79,22550.75,Extant
Pyroderus_scutatus,Cotingidae,Passeriformes,Pyroderus scutatus,42.5,26.3,13.8,15.5,38,231,41,183.8,18.2,152.2,357,Forest,1,2,Omnivore,Frugivore,Insessorial,-30.68,11.04,-17.64,-52.87,2116677.8,Extant
Querula_purpurata,Cotingidae,Passeriformes,Querula purpurata,28.8,19.5,12.5,9.7,24.3,178.2,31.7,148.7,17.6,117.6,107.4,Forest,1,1,Omnivore,Frugivore,Insessorial,-15.51,11.22,-4.22,-63.07,5636816.57,Extant
Rupicola_peruvianus,Cotingidae,Passeriformes,Rupicola peruvianus,31,15.4,8.8,12.4,36.7,183.5,21.7,162.2,11.6,120.3,242.5,Forest,1,1,Herbivore,Frugivore,Insessorial,-17.54,8.34,-2.69,-74.42,257511.06,Extant
Rupicola_rupicola,Cotingidae,Passeriformes,Rupicola rupicola,31.1,19.3,10.6,12.4,34,177.8,24.6,154.2,13.8,88.8,194.6,Forest,1,1,Herbivore,Frugivore,Insessorial,-3.13,8.3,2.68,-62.14,2067586.19,Extant
Schiffornis_major,Cotingidae,Passeriformes,Schiffornis major,15.9,9.4,4.8,5.4,18.8,78.3,9.3,69,11.7,55.3,31,Forest,1,1,Omnivore,Frugivore,Insessorial,-17.43,5.17,-4.75,-67.21,3141459.06,Extant
Schiffornis_turdina,Cotingidae,Passeriformes,Schiffornis turdina,17.8,10.2,5.1,5.9,21.8,90,15.2,73.9,17,69.8,31.7,Forest,1,1,Omnivore,Omnivore,Insessorial,-23.02,21.23,-2.78,-63.76,7996718.02,Extant
Schiffornis_virescens,Cotingidae,Passeriformes,Schiffornis virescens,13.9,8.6,3.8,4.5,21.4,80.2,12.5,67,15.7,64.2,25.6,Forest,1,1,Omnivore,Omnivore,Insessorial,-30.99,-13.29,-22.19,-49.62,1662556.58,Extant
Snowornis_cryptolophus,Cotingidae,Passeriformes,Snowornis cryptolophus,24.7,12.7,7.2,7.8,23.6,127,26.8,100.2,21.1,98.2,73.6,Forest,1,1,Omnivore,Omnivore,Insessorial,-9.62,6.42,-4.16,-76.89,109184.97,Extant
Snowornis_subalaris,Cotingidae,Passeriformes,Snowornis subalaris,24.9,12.1,6.6,7,20,129.4,30,99.3,23.2,101.1,81.2,Forest,1,1,Omnivore,Omnivore,Insessorial,-12.85,1.49,-5.73,-76.38,59762.19,Extant
Tijuca_atra,Cotingidae,Passeriformes,Tijuca atra,27.4,15,8.5,9.3,29.6,145,29.3,115.7,20.2,115.5,129,Forest,1,1,Herbivore,Frugivore,Insessorial,-23.56,-21.81,-22.54,-44.17,12392.12,Extant
Tijuca_condita,Cotingidae,Passeriformes,Tijuca condita,18.7,12.6,5.6,6.9,25.7,121,17,103.9,14,105.4,80,Forest,1,1,Herbivore,Frugivore,Insessorial,-22.61,-22.25,-22.42,-42.98,250.46,Extant
Tityra_cayana,Cotingidae,Passeriformes,Tityra cayana,28.2,19.5,11.4,10.6,24.5,116.7,31,87.3,26.2,71,68.1,Forest,2,1,Herbivore,Frugivore,Insessorial,-30.11,12.2,-8.27,-57.09,11903336.65,Extant
Tityra_inquisitor,Cotingidae,Passeriformes,Tityra inquisitor,26.3,18.5,11.6,9.2,21.6,105.7,28.1,77.9,26.5,65.6,43.1,Forest,1,1,Herbivore,Frugivore,Insessorial,-30.12,21.72,-7.47,-58.6,11190798.84,Extant
Tityra_semifasciata,Cotingidae,Passeriformes,Tityra semifasciata,28,18.2,10.4,10.7,25.6,120.5,30.7,93.4,24.8,71.7,79.3,Forest,1,1,Herbivore,Frugivore,Insessorial,-26.55,27.43,-4.18,-66.82,6821138.58,Extant
Xenopsaris_albinucha,Cotingidae,Passeriformes,Xenopsaris albinucha,10.7,7.7,3.9,3.9,14,63.9,13.3,50.9,20.7,58.4,10,Forest,2,2,Carnivore,Invertivore,Insessorial,-34.61,11.22,-15.73,-53.32,4453736.32,Extant
Xipholena_atropurpurea,Cotingidae,Passeriformes,Xipholena atropurpurea,18.3,10.2,5.2,5.4,20.3,110.2,24,86,21.8,65.1,61.3,Forest,1,1,Herbivore,Frugivore,Insessorial,-22.27,-6.62,-18.18,-39.74,1836.59,Extant
Xipholena_lamellipennis,Cotingidae,Passeriformes,Xipholena lamellipennis,19.8,10.2,6.1,5.4,20.9,109.8,18.7,90.1,17.2,74.2,53.8,Forest,1,1,Herbivore,Frugivore,Insessorial,-9.57,-0.58,-4.78,-51.35,1007777.54,Extant
Xipholena_punicea,Cotingidae,Passeriformes,Xipholena punicea,18.2,10.7,6.3,5.7,22.7,124,16.3,107.4,13.3,66,68.1,Forest,1,1,Herbivore,Frugivore,Insessorial,-15.7,8.65,-2.57,-60.96,3624635.86,Extant
Zaratornis_stresemanni,Cotingidae,Passeriformes,Zaratornis stresemanni,18.1,9.2,6.2,7.2,25.8,112.5,23.7,88.8,21.1,84,52.1,Forest,2,1,Herbivore,Frugivore,Insessorial,-15.03,-7.93,-10.73,-76.65,43849.89,Extant
Cracticus_cassicus,Cracticidae,Passeriformes,Cracticus cassicus,50.8,34.9,13.1,16.8,34,160.6,41.2,119.8,25.5,116.6,142,Forest,1,1,Carnivore,Invertivore,Insessorial,-10.72,0.05,-5.41,140.72,554775.59,Extant
Cracticus_louisiadensis,Cracticidae,Passeriformes,Cracticus louisiadensis,48.4,34.2,14,17.6,34,165.9,41.3,124.6,24.9,125.6,142,NA,1,1,Carnivore,Invertivore,Insessorial,-11.66,-11.32,-11.51,153.47,813.95,Extant
Cracticus_mentalis,Cracticidae,Passeriformes,Cracticus mentalis,39.2,24.5,9.3,12.6,29.3,140.5,35.6,106.8,25,99,77,Woodland,2,1,Carnivore,Invertivore,Insessorial,-16.31,-7.32,-11.87,143.19,218872.78,Extant
Cracticus_nigrogularis,Cracticidae,Passeriformes,Cracticus nigrogularis,43.9,27.1,9.8,13.8,36.5,171.8,48.5,125,27.9,129.3,128,Woodland,2,1,Carnivore,Omnivore,Insessorial,-38.61,-11,-24.64,133.63,6347951.06,Extant
Cracticus_quoyi,Cracticidae,Passeriformes,Cracticus quoyi,55.7,41.3,13.6,17.5,40.4,175.6,38.8,140.6,21.6,130.6,168,Forest,1,1,Carnivore,Omnivore,Insessorial,-23.15,0.04,-8.69,140.54,1145717.61,Extant
Cracticus_torquatus,Cracticidae,Passeriformes,Cracticus torquatus,40.6,28.6,9.6,12.7,31.4,145,40.8,105.4,27.8,108.1,82.9,Woodland,2,1,Omnivore,Omnivore,Insessorial,-43.64,-10.9,-27.03,135.08,6403052.57,Extant
Gymnorhina_tibicen,Cracticidae,Passeriformes,Gymnorhina tibicen,54.7,35.8,11.9,15.8,56.2,256.6,108.3,157.9,40.7,137.2,284.9,Woodland,2,1,Carnivore,Invertivore,Terrestrial,-43.55,-8.51,-26.45,135.38,6726971.95,Extant
Peltops_blainvillii,Cracticidae,Passeriformes,Peltops blainvillii,24.8,16,9.7,9,15.6,100.2,29.5,70.7,29.5,68.4,30,Forest,1,1,Carnivore,Invertivore,Insessorial,-10.73,0.04,-5.03,141.02,529218,Extant
Peltops_montanus,Cracticidae,Passeriformes,Peltops montanus,23.1,14.3,9.5,8.2,15.7,107.8,36.2,71.6,33.4,77.6,31.6,Forest,1,1,Carnivore,Invertivore,Insessorial,-10.36,-0.34,-5.24,142.01,324099.4,Extant
Strepera_fuliginosa,Cracticidae,Passeriformes,Strepera fuliginosa,66.5,47,13.5,21.7,57.4,255.1,75.5,183.9,29.2,174.7,375.5,Forest,1,1,Carnivore,Omnivore,Terrestrial,-43.64,-39.44,-41.94,146.59,68050.36,Extant
Strepera_graculina,Cracticidae,Passeriformes,Strepera graculina,59.6,37.1,14.3,19.8,52.6,260.6,76.7,182.5,29.6,193.8,298.9,Forest,2,1,Omnivore,Omnivore,Generalist,-39.48,-10.02,-27.98,147.4,1580095.1,Extant
Strepera_versicolor,Cracticidae,Passeriformes,Strepera versicolor,65.3,43.9,13.4,20.1,63,267.3,71.8,196.1,26.8,213.7,395.5,Forest,2,1,Carnivore,Omnivore,Terrestrial,-43.45,-23.06,-32.07,131.9,2079178.27,Extant
Dasyornis_brachypterus,Dasyornithidae,Passeriformes,Dasyornis brachypterus,17.9,8.9,3.5,4.8,27.7,73,5.3,68.5,7.1,100.6,41.8,Forest,2,1,Omnivore,Omnivore,Insessorial,-37.57,-26.28,-31.85,151.54,2110.13,Extant
Dasyornis_broadbenti,Dasyornithidae,Passeriformes,Dasyornis broadbenti,21.6,10.4,4.6,5.6,33.5,90.8,5,86.5,5.5,120.9,67.9,Shrubland,2,1,Omnivore,Invertivore,Generalist,-38.86,-35.31,-37.67,141.5,26759.89,Extant
Dasyornis_longirostris,Dasyornithidae,Passeriformes,Dasyornis longirostris,15.9,8.2,3.2,4.5,23.9,67.6,4.2,62,6.3,88.6,32.7,Shrubland,2,1,Omnivore,Invertivore,Generalist,-35.02,-33.87,-34.38,118.69,543.25,Extant
Campylorhamphus_falcularius,Dendrocolaptidae,Passeriformes,Campylorhamphus falcularius,71.3,63.2,4.3,5.8,22.2,99.5,13.9,85.5,14,98.4,42.6,Forest,1,1,Carnivore,Invertivore,Insessorial,-30.13,-12.31,-23.57,-48.33,876884.84,Extant
Campylorhamphus_procurvoides,Dendrocolaptidae,Passeriformes,Campylorhamphus procurvoides,55.3,50.1,4,5.3,19.4,94.2,17.3,76.3,18.5,86.4,33.5,Forest,1,1,Carnivore,Invertivore,Insessorial,-11.97,8.66,-2.82,-61.35,3820412,Extant
Campylorhamphus_pucherani,Dendrocolaptidae,Passeriformes,Campylorhamphus pucherani,63.4,52.7,5.8,7,27.7,120.8,18.6,102.2,15.4,118.8,70.5,Forest,1,1,Carnivore,Invertivore,Insessorial,-13.59,7.07,-5.55,-75.47,141869.45,Extant
Campylorhamphus_pusillus,Dendrocolaptidae,Passeriformes,Campylorhamphus pusillus,55,49.2,4.2,5.7,20.8,95.6,15.5,80,16.2,95,40.5,Forest,1,1,Carnivore,Invertivore,Insessorial,-6.95,10.86,2.28,-78.21,177568.93,Extant
Campylorhamphus_trochilirostris,Dendrocolaptidae,Passeriformes,Campylorhamphus trochilirostris,60.7,56,4.4,5.5,21.5,98.5,14.9,84.6,15.1,91.9,40.8,Forest,1,1,Carnivore,Invertivore,Insessorial,-30.72,12.46,-10.07,-58.92,7392722.43,Extant
Deconychura_longicauda,Dendrocolaptidae,Passeriformes,Deconychura longicauda,28.1,16.8,5.5,5.5,22.9,100.2,20.8,80.2,20.6,99.9,23.8,Forest,1,1,Carnivore,Invertivore,Insessorial,-17.39,15.67,-3.98,-62.34,5143581.04,Extant
Deconychura_stictolaema,Dendrocolaptidae,Passeriformes,Deconychura stictolaema,19.3,13.4,4.8,4.4,19.8,81.5,14,68.3,17,82.2,18.5,Forest,1,1,Carnivore,Invertivore,Insessorial,-11.77,5.42,-3.88,-64.39,3212301.46,Extant
Dendrexetastes_rufigula,Dendrocolaptidae,Passeriformes,Dendrexetastes rufigula,33.7,22.7,8.5,9.2,23.6,105.2,15.5,90.2,14.7,104,69.6,Forest,1,1,Carnivore,Invertivore,Insessorial,-16.97,8.01,-5.51,-64.14,3670234,Extant
Dendrocincla_anabatina,Dendrocolaptidae,Passeriformes,Dendrocincla anabatina,24.8,16.4,6,6.2,23.6,96.8,19.4,77.4,20.1,78.5,34.2,Forest,1,1,Carnivore,Invertivore,Insessorial,8.03,21.26,16.57,-89.22,378885,Extant
Dendrocincla_fuliginosa,Dendrocolaptidae,Passeriformes,Dendrocincla fuliginosa,29.9,20,6.4,6.6,24.7,104.9,18.9,84.1,18.3,86.7,38.7,Forest,1,1,Carnivore,Invertivore,Insessorial,-17.42,15.75,-3.3,-62.98,8483632.64,Extant
Dendrocincla_homochroa,Dendrocolaptidae,Passeriformes,Dendrocincla homochroa,24.6,17,5.2,6,24.7,99.3,17.6,81.4,17.7,79.6,39.4,Forest,1,1,Carnivore,Invertivore,Insessorial,6.79,21.62,15.06,-86.66,492694.51,Extant
Dendrocincla_merula,Dendrocolaptidae,Passeriformes,Dendrocincla merula,24.4,17.8,5.8,5.9,24.7,100,20.5,80,20.3,80,50,Forest,1,1,Carnivore,Invertivore,Insessorial,-16.98,7.33,-2.96,-62.46,5359264.18,Extant
Dendrocincla_tyrannina,Dendrocolaptidae,Passeriformes,Dendrocincla tyrannina,35.8,23,7.5,7.9,25.4,122.3,22.1,101.2,17.9,121.1,54.9,Forest,1,1,Carnivore,Invertivore,Insessorial,-14.93,7.7,-2.03,-75.29,307936.87,Extant
Dendrocolaptes_certhia,Dendrocolaptidae,Passeriformes,Dendrocolaptes certhia,41,29.3,9.4,8,27.3,126.9,22.5,104.3,17.7,122.9,68.7,Forest,1,1,Carnivore,Invertivore,Insessorial,-17.71,9.62,-4.01,-62.55,6659679.41,Extant
Dendrocolaptes_hoffmannsi,Dendrocolaptidae,Passeriformes,Dendrocolaptes hoffmannsi,39.8,27.4,8.5,8.3,29,136,24.5,111.6,18,122.8,83,Forest,1,1,Carnivore,Invertivore,Insessorial,-15.62,-1.67,-8.57,-58.62,862883.58,Extant
Dendrocolaptes_picumnus,Dendrocolaptidae,Passeriformes,Dendrocolaptes picumnus,40.5,28.4,8.3,8.3,28.5,129.6,23.3,108.2,17.7,121.7,76.6,Forest,1,1,Carnivore,Invertivore,Insessorial,-27.03,17.18,-4.18,-64.56,5749616.39,Extant
Dendrocolaptes_platyrostris,Dendrocolaptidae,Passeriformes,Dendrocolaptes platyrostris,36.4,27.5,8.3,8.2,25.9,118.9,19.9,99,16.8,112.3,61.7,Forest,1,1,Carnivore,Invertivore,Insessorial,-32.3,-3.32,-17.33,-47.86,3885238.34,Extant
Dendrocolaptes_sanctithomae,Dendrocolaptidae,Passeriformes,Dendrocolaptes sanctithomae,39.9,27.6,8.9,8.3,29.5,126.1,25.3,101.1,20,114.2,66.9,Forest,1,1,Carnivore,Invertivore,Insessorial,-1.89,21.29,12.34,-83.36,802979.25,Extant
Dendroplex_kienerii,Dendrocolaptidae,Passeriformes,Dendroplex kienerii,29.9,21,4.9,6.4,20.6,99.4,17.9,81,18.1,86.7,45,Forest,1,1,Carnivore,Invertivore,Insessorial,-10.93,1.78,-4.18,-63.83,237821.16,Extant
Dendroplex_picus,Dendrocolaptidae,Passeriformes,Dendroplex picus,28.6,22.6,4.8,6.5,20.7,98.2,18,83,17.8,83.4,41.3,Forest,2,1,Carnivore,Invertivore,Insessorial,-21.87,12.46,-4.68,-59.42,9856567.73,Extant
Drymornis_bridgesii,Dendrocolaptidae,Passeriformes,Drymornis bridgesii,72.5,61.4,5.3,6.9,33.2,133.6,20.6,114.8,15.2,114.8,92.6,Woodland,2,1,Carnivore,Invertivore,Terrestrial,-38.84,-19.03,-29.58,-61.55,1433240.56,Extant
Glyphorynchus_spirurus,Dendrocolaptidae,Passeriformes,Glyphorynchus spirurus,13.7,9.7,4.4,4.2,16.5,68.7,16.4,52.3,23.9,66,14.6,Forest,1,1,Carnivore,Invertivore,Insessorial,-19.49,18.66,-2.41,-64.51,7368285.07,Extant
Hylexetastes_brigidai,Dendrocolaptidae,Passeriformes,Hylexetastes brigidai,39.6,29.7,8.4,11.9,32.6,124.5,16.2,108.3,13.1,117.6,103.1,Forest,1,1,Carnivore,Invertivore,Insessorial,-12.94,-1.66,-6.59,-50.83,326352.12,Extant
Hylexetastes_perrotii,Dendrocolaptidae,Passeriformes,Hylexetastes perrotii,44.4,29,9.6,11.1,32,126.9,19,108.8,14.9,108.5,103.1,Forest,1,1,Carnivore,Invertivore,Insessorial,-3.33,7.61,2.09,-56.65,1087285.18,Extant
Hylexetastes_stresemanni,Dendrocolaptidae,Passeriformes,Hylexetastes stresemanni,42.5,29.5,9.6,10.9,31.8,129.1,15.4,113.8,11.9,101.5,111,Forest,1,1,Carnivore,Invertivore,Insessorial,-13.28,1.29,-5.94,-68.17,1449365.23,Extant
Hylexetastes_uniformis,Dendrocolaptidae,Passeriformes,Hylexetastes uniformis,39.8,27,8.6,11,31.7,124,15.2,108.8,12.3,112,105.1,Forest,1,1,Carnivore,Invertivore,Insessorial,-15.75,-2.27,-9.16,-58.01,1068460.5,Extant
Lepidocolaptes_affinis,Dendrocolaptidae,Passeriformes,Lepidocolaptes affinis,31.4,23.5,4.2,5.5,20.7,107.6,25.3,84.3,23,100.7,35,Forest,1,1,Carnivore,Invertivore,Insessorial,8.49,25.62,16.43,-92.29,250182.51,Extant
Lepidocolaptes_albolineatus,Dendrocolaptidae,Passeriformes,Lepidocolaptes albolineatus,27.5,21.4,4.3,5.3,17.6,90.2,19.6,71.1,21.7,82,20.3,Forest,1,1,Carnivore,Invertivore,Insessorial,-17.43,10.48,-4.67,-61.51,6406247.12,Extant
Lepidocolaptes_angustirostris,Dendrocolaptidae,Passeriformes,Lepidocolaptes angustirostris,31.8,25.8,3.8,5.1,19.2,96.3,18.6,78,19.2,83.7,29.6,Woodland,2,1,Carnivore,Invertivore,Insessorial,-39.28,2.31,-18.89,-52.84,6576318.88,Extant
Lepidocolaptes_falcinellus,Dendrocolaptidae,Passeriformes,Lepidocolaptes falcinellus,31.7,22.5,3.9,5.2,19.3,93.5,20.7,72.9,22,81.7,27.9,Forest,1,1,Carnivore,Invertivore,Insessorial,-32.34,-22.39,-27.04,-51.88,497665.62,Extant
Lepidocolaptes_lacrymiger,Dendrocolaptidae,Passeriformes,Lepidocolaptes lacrymiger,30.5,21,4.6,5.5,19.6,105.6,25.2,80.7,23.8,95.2,30.6,Forest,1,1,Carnivore,Invertivore,Insessorial,-18.57,11.22,-2.59,-74.25,360596.48,Extant
Lepidocolaptes_leucogaster,Dendrocolaptidae,Passeriformes,Lepidocolaptes leucogaster,36.1,28.1,4,5.6,21.5,115.5,31.9,83,27.8,102.4,36,Forest,1,1,Carnivore,Invertivore,Insessorial,15.99,29.1,22.2,-103.95,291440.84,Extant
Lepidocolaptes_souleyetii,Dendrocolaptidae,Passeriformes,Lepidocolaptes souleyetii,32.7,23.6,4.1,5.4,19.5,92.3,19.2,71.7,21.1,84.5,25.7,Woodland,2,1,Carnivore,Invertivore,Insessorial,-7.24,18.86,9.31,-75.61,1484080.31,Extant
Lepidocolaptes_squamatus,Dendrocolaptidae,Passeriformes,Lepidocolaptes squamatus,30.4,22.6,3.9,5.4,18.5,97.6,23.1,74.1,23.8,78.6,28.1,Forest,1,1,Carnivore,Invertivore,Insessorial,-23.92,-9.97,-18.63,-44.28,745438.76,Extant
Nasica_longirostris,Dendrocolaptidae,Passeriformes,Nasica longirostris,69.6,59.1,7.4,8.2,27.6,136.3,25.5,110.3,18.8,130.8,92,Forest,1,1,Carnivore,Invertivore,Insessorial,-15.04,6.74,-5.39,-61.51,5406855.93,Extant
Sittasomus_griseicapillus,Dendrocolaptidae,Passeriformes,Sittasomus griseicapillus,16.2,10.7,4,3.7,17.2,77,17.1,59.9,22.1,78.1,13.1,Forest,1,1,Carnivore,Invertivore,Insessorial,-32.79,23.93,-8.7,-59.48,12103908.47,Extant
Xiphocolaptes_albicollis,Dendrocolaptidae,Passeriformes,Xiphocolaptes albicollis,50.7,36.8,7.7,10.7,31.3,128.3,18,110.2,14.1,119,118,Forest,1,1,Carnivore,Invertivore,Insessorial,-32.55,-12.45,-21.89,-48.95,2097683.15,Extant
Xiphocolaptes_falcirostris,Dendrocolaptidae,Passeriformes,Xiphocolaptes falcirostris,49.6,38.2,7.3,9.6,30.5,128.2,15.7,112.5,12.2,117,110,Woodland,2,1,Carnivore,Invertivore,Insessorial,-15.71,-2.91,-10.86,-43.16,145006.39,Extant
Xiphocolaptes_major,Dendrocolaptidae,Passeriformes,Xiphocolaptes major,56.9,43.3,8.4,10.9,34,146.9,23,123.9,15.6,114.6,156,Woodland,2,1,Carnivore,Invertivore,Insessorial,-30.9,-13.04,-22.21,-61.22,1461863.85,Extant
Xiphocolaptes_promeropirhynchus,Dendrocolaptidae,Passeriformes,Xiphocolaptes promeropirhynchus,50.6,37.9,8.3,10.5,32.2,135.3,20.8,113.8,15.4,122.6,93,Forest,1,1,Carnivore,Invertivore,Insessorial,-18.47,21.56,-3.3,-67,4853651.84,Extant
Xiphorhynchus_elegans,Dendrocolaptidae,Passeriformes,Xiphorhynchus elegans,31.6,23.2,5.7,6.2,21.9,96.4,19.3,77,20.1,82,34.5,Forest,1,1,Carnivore,Invertivore,Insessorial,-16,4.25,-6.73,-67.49,2952108.42,Extant
Xiphorhynchus_erythropygius,Dendrocolaptidae,Passeriformes,Xiphorhynchus erythropygius,34.8,24.1,5.5,7,22.4,112.5,25,89.8,21.8,98.1,46.8,Forest,1,1,Carnivore,Invertivore,Insessorial,-4.2,21.53,9.6,-84.05,400189.42,Extant
Xiphorhynchus_flavigaster,Dendrocolaptidae,Passeriformes,Xiphorhynchus flavigaster,41.8,30.3,5.6,8,23.1,114.1,20.7,93.3,18.2,102,46.2,Forest,1,1,Carnivore,Invertivore,Insessorial,9.8,28.51,18.03,-93.88,767413.14,Extant
Xiphorhynchus_fuscus,Dendrocolaptidae,Passeriformes,Xiphorhynchus fuscus,28.3,18.9,3.7,5.7,18.6,85.4,15.1,61.9,19.6,76.3,21.8,Forest,1,1,Carnivore,Invertivore,Insessorial,-30.44,-3.23,-17.78,-45.03,2275031.1,Extant
Xiphorhynchus_guttatus,Dendrocolaptidae,Passeriformes,Xiphorhynchus guttatus,40.8,29.7,6.3,8.5,24.6,114.7,19.3,96,16.7,106.6,59.7,Forest,1,1,Carnivore,Invertivore,Insessorial,-23.04,10.25,-5.97,-59.86,8330683.7,Extant
Xiphorhynchus_lachrymosus,Dendrocolaptidae,Passeriformes,Xiphorhynchus lachrymosus,38.8,28.4,6.1,8.6,22.9,120.6,28.5,93.3,23.4,110.2,56.4,Forest,1,1,Carnivore,Invertivore,Insessorial,-0.07,13.16,7.18,-78.45,271654.21,Extant
Xiphorhynchus_obsoletus,Dendrocolaptidae,Passeriformes,Xiphorhynchus obsoletus,27,19.1,4.8,6.4,21.4,95.3,17.7,76.9,18.7,81.8,32.6,Forest,1,1,Carnivore,Invertivore,Insessorial,-15.53,10.48,-3.7,-62.81,6665026.21,Extant
Xiphorhynchus_ocellatus,Dendrocolaptidae,Passeriformes,Xiphorhynchus ocellatus,32.8,24,5.5,6.1,20.9,95.8,20.3,75.5,21.2,82.7,36.7,Forest,1,1,Carnivore,Invertivore,Insessorial,-20.35,3.89,-5.69,-68.55,3100404.35,Extant
Xiphorhynchus_pardalotus,Dendrocolaptidae,Passeriformes,Xiphorhynchus pardalotus,34.2,26.1,5.7,6.6,21.4,101.8,21.2,80.5,20.8,87.4,34.6,Forest,1,1,Carnivore,Invertivore,Insessorial,-3.34,8.46,2.6,-59.26,1710329.56,Extant
Xiphorhynchus_spixii,Dendrocolaptidae,Passeriformes,Xiphorhynchus spixii,30.5,21.8,5.3,6.1,21.4,96.6,22.5,75.2,23,85.4,31.2,Forest,1,1,Carnivore,Invertivore,Insessorial,-12.11,-0.58,-5.58,-51.77,993444.47,Extant
Xiphorhynchus_susurrans,Dendrocolaptidae,Passeriformes,Xiphorhynchus susurrans,36,27.2,5.4,7,23.9,101.8,18.1,83.8,17.8,88.6,46.7,Forest,1,1,Carnivore,Invertivore,Insessorial,2.99,16.03,9.59,-76.11,640926.31,Extant
Xiphorhynchus_triangularis,Dendrocolaptidae,Passeriformes,Xiphorhynchus triangularis,33.2,22.7,5.3,7,22.3,114.3,25.8,88.8,22.5,97.9,46.3,Forest,1,1,Carnivore,Invertivore,Insessorial,-17.65,10.58,-2.58,-74.16,286355.73,Extant